id,title,parent_id
1,Все категории,0
114,Урбеч,1913
115,Варенье и джемы,328
128,Сухие завтраки,2475
131,Масла,2475
132,Супы,2475
133,Соусы,2475
134,Приправы,14283
135,"Сахар, соль",2475
136,Мука,2475
138,Домашняя лапша,2475
142,Макароны,2475
143,Чай с добавками,2478
326,Орехи,2481
328,"Мед, варенье, сладкая консервация",1821
329,"Бальзамы, тоники, эликсиры",1913
356,Шоколад,2483
366,Хлебцы,1913
369,Батончики,2483
371,Мед и продукты пчеловодства,328
531,Мясные консервы,2475
553,Травяные сборы,0
555,Цикорий,2478
1754,Табак,0
1821,Продукты питания,1
1892,Другое,2483
1913,Здоровое питание,1821
1915,"Шоколадная, ореховая паста",2483
2000,   Игры и софт,0
2475,Бакалея,1821
2476,Снеки,1821
2477,Консервированные овощи,2475
2478,"Чай, кофе, горячие напитки",1821
2480,"Вода, соки, напитки",1821
2481,"Орехи, сухофрукты, семечки",1821
2483,"Шоколад, конфеты, сладости",1821
2570,Влажные салфетки,10916
2571,Зубные нити,11454
2572,Электрические зубные щетки,11454
2573,Насадки для электрических зубных щеток и ирригаторов,11454
2574,Аксессуары для электрических зубных щеток и ирригаторов,11454
2575,Аксессуары,10192
2576,Игрушки для купания,10216
2577,Прочее,10216
2578,Детские зубные пасты,10064
2579,Детские наборы,10064
2580,Деревянные,12123
2581,Магнитные,12123
2582,Блочные,12123
2583,Металлические,12123
2584,Деревянные игрушки,10162
2585,Кукольные домики,10162
2586,Игрушки - антистресс,10162
2587,Фигурки и аксессуары,10162
2588,Сюжетно-ролевые игры,10943
2589,Декор и освещение,11419
2590,Матрасы для плавания,10584
2591,Игры на улице,10217
2592,Воздушные змеи,2591
2593,Бумеранги,2591
2594,Фрисби,2591
2595,Спортивные игры,2591
2596,Песочницы,2591
2597,Прочее,2591
2598,Комбинезоны домашние,10418
2599,Купальники,11351
2600,Пляжная одежда,11351
2601,Майки и топы бельевые,11351
2602,Корректирующее белье,11351
2603,Комбинезоны домашние,10445
2604,Майки и футболки,10937
2605,Колготки,10416
2606,Часы и ремешки,10023
2607,Часы,2606
2608,Ремешки для часов,2606
2609,Часы и ремешки,10021
2610,Часы,2609
2611,Запчасти,10131
2614,Пеналы,14369
2615,Прочее,10132
2617,Аксессуары для обуви,10013
2621,Щетки металлические,10690
2622,Светомузыка,10127
2625,Аксессуары для туризма и отдыха,11068
2626,Поисково-измерительные приборы,11068
2627,Котелки и костровые треноги,11068
2628,Походная посуда,11068
2629,Фляги,11068
2631,Спонжи и аппликаторы,11328
2632,Пинцеты,11328
2633,Прочее,11328
2634,Дневные кремы,10648
2635,Ночные кремы,10648
2636,Кремы для глаз,10648
2637,Коронки,2611
2638,Переходники и адаптеры,2611
2639,Полировальные насадки,2611
2640,Опорные пластины,2611
2641,Метчики,10690
2642,Мелкие инструменты,10690
2645,Патроны и переходники,10127
2650,Аксессуары для линз,11329
2651,"Салфетки, спреи для очков",11329
2652,Компрессионные чулки,13620
2653,Компрессионные колготки,13620
2654,"Компрессионные гольфы, гетры, носки",13620
2655,Прочее,13620
2656,"Ортопедические стельки и полустельки, корректоры стопы",10639
2657,Медицинские приборы,10009
2658,"Кварцевые лампы, рециркуляторы и облучатели",2657
2659,Медицинские браслеты и пульсоксиметры,2657
2660,Глюкометры и аксессуары,2657
2661,Ингаляторы и аксессуары,2657
2662,Глина,10476
2663,Скрабы и пилинг,10137
2664,Термометры медицинские,2657
2665,Прочее,2657
2666,Медицинские изделия и расходные материалы,10009
2667,Аптечки,2666
2668,"Аптечки, сумки для медикаментов",2667
2669,Таблетницы,2667
2670,Дезинфицирующие средства,2666
2671,Перчатки медицинские,2666
2672,Маски для ног,10918
2673,Ароматерапия,10012
2674,Эфирные масла,2673
2675,Воск для волос,13817
2676,Кондиционер для волос,13817
2677,Шампунь для волос,13817
2678,Сыворотка для волос,13817
2680,Расчески,10826
2681,Бальзамы,10826
2682,Бальзамы до и после бритья,10447
2683,Лосьоны до и после бритья,10447
2684,Кремы для тела,10447
2685,Тоники,10447
2686,"Эмульсия, флюид",10447
2688,"Скрабы, пилинги",10447
2689,Детские наборы,10163
2690,Наборы для маникюра и педикюра,10163
2691,Праймеры и обезжириватели,10113
2692,Материалы для наращивания ногтей,10113
2693,Аксессуары для маникюра и педикюра,10355
2694,Маски гигиенические и медицинские,2666
2695,Перевязочные материалы,2666
2696,Пластыри,2695
2697,Бинты,2695
2698,Марли,2695
2699,Вата,2695
2702,"Гели, мази",2666
2703,Грелки,2666
2704,Расходные материалы,2666
2705,Одноразовая одежда,2704
2706,"Шприцы, инъекторы, пипетки, дозаторы",2704
2707,"Контейнеры для анализов, губки, жгуты, мерные стаканы медицинские",2704
2708,Диагностические тесты,2666
2709,Медицинские инструменты,2666
2710,Прочее,2666
2711,Витамины,14394
2712,Укрывной материал,10105
2713,Защита растений от вредителей и болезней,10105
2714,Средства от сорняков,10105
2715,Опоры и подвязки для растений,10105
2716,Опрыскиватели и аксессуары,10105
2717,Обустройство дачи и сада,10006
2719,Садовые светильники,2717
2720,"Биотуалеты, септики и аксессуары",2717
2721,Души и рукомойники,2717
2722,Антимоскитные сетки,2717
2723,Садовые дорожки и ограждения,2717
2724,Прочие товары для обустройства,2717
2725,"Шпажки, канапе",10282
2726,Зубочистки,10282
2727,Коробки и контейнеры,10282
2728,Пакеты фасовочные,10282
2729,Консервные ножи и открывашки,10890
2730,"Термометры, барометры",10191
2731,Сушилки для белья,12823
2732,Доски гладильные и чехлы,12823
2733,Ролики для чистки одежды,12823
2734,Прищепки бельевые,12823
2735,Машинки для удаления катышек,12823
2736,Аксессуары для стирки и глажки,12823
2737,Наборы для ванной комнаты,12842
2738,Коврики резиновые,12842
2739,Ершики для унитаза,12842
2740,Полки и подставки,12842
2741,"Диспенсеры, дозаторы",12842
2742,"Мыльницы, стаканы",12842
2743,Шторы и карнизы,12842
2744,Крючки и держатели,12842
2745,Сиденье на унитаз,12842
2746,Пробки для ванны и раковины,12842
2747,Новогодние сувениры и подарки,10508
2748,Маски,13534
2749,Карнавальные костюмы,13534
2750,Парики и аксессуары,13534
2751,Аквагрим,13534
2752,Спицы и крючки,13330
2753,Прочие аксессуары для вязания,13330
2754,Пряжа,13330
2755,Декоративные ленты,12440
2756,Технические ленты,12440
2757,Нитки,12440
2758,Иглы,12440
2759,Ножницы,12440
2760,Молнии,12440
2761,Фурнитура,12440
2762,Шнуры и шнурки,12440
2763,Украшения,12440
2764,Принадлежности для швейных машин,12440
2765,Прочие аксессуары,12440
2766,Инструменты,12440
2767,Ткани,12440
2768,Кожевенное дело,10213
2769,Создание украшений,10213
2770,Создание гобеленов,10213
2771,Плетение,10213
2772,Пэчворк и квилтинг,10213
2773,Прочие хобби,10008
2774,"Выжигание, поделки из дерева",2773
2775,Скрапбукинг,2773
2776,Декупаж,2773
2777,Мыловарение,2773
2778,Эпоксидная смола,2773
2780,Кальяны и аксессуары,2779
2781,Товары для самокруток,2779
2782,Пепельницы,2779
2783,Портсигары и хьюмидоры,2779
2784,Бонги и аксессуары,2779
2785,Подарочные наборы для курения,2779
2786,Смеси для кальяна,2780
2787,Уголь,2780
2788,Калауды,2780
2789,Колбы,2780
2790,Мундштуки,2780
2791,Чаши,2780
2792,Шахты,2780
2793,Шланги,2780
2794,Шила,2780
2795,Щипцы,2780
2796,Кальяны,2780
2797,Дизайн,10475
2799,Прочие аксессуары и запчасти для бытовой техники,10004
2800,Зарядные устройства для планшетов и электронных книг,10487
2801,Аксессуары для планшетов и электронных книг,10487
2802,Кабели и зарядные устройства,10141
2803,Проводные наушники,11157
2804,Прочая электротехника,10641
2805,Картридеры,11087
2807,Спортивная одежда,10014
2808,Женщинам,2807
2809,Мужчинам,2807
2810,Девочкам,2807
2811,Мальчикам,2807
2812,Одежда для спорта,2808
2814,Спортивные аксессуары,2808
2815,Одежда для спорта,2809
2817,Спортивные аксессуары,2809
2818,Одежда для спорта,2810
2820,Спортивные аксессуары,2810
2821,Одежда для спорта,2811
2823,Спортивные аксессуары,2811
2824,Спортивные костюмы,2812
2825,Спортивные брюки,2812
2826,Спортивные куртки,2812
2827,Спортивные футболки и топы,2812
2828,Спортивные носки и гольфы,2812
2829,Спортивные шорты,2812
2830,Спортивные платья и юбки,2812
2831,Спортивные толстовки,2812
2832,Спортивные купальники,2812
2833,Спортивные леггинсы,2812
2834,Головные уборы,2814
2835,Сумки и рюкзаки,2814
2837,Спортивные костюмы,2815
2838,Спортивные брюки,2815
2839,Спортивные куртки,2815
2840,Спортивные шорты,2815
2841,Спортивные майки и футболки,2815
2842,Спортивные носки и гольфы,2815
2844,Спортивные толстовки,2815
2846,Рашгарды,2815
2847,Головные уборы,2817
2848,Сумки и рюкзаки,2817
2850,Спортивные брюки,2818
2851,Спортивные костюмы,2818
2852,"Спортивные шорты, юбки",2818
2854,Спортивные толстовки,2818
2855,Спортивные футболки,2818
2856,Спортивные леггинсы,2818
2857,Спортивные брюки,2821
2858,Спортивные костюмы,2821
2860,Спортивные толстовки,2821
2861,Спортивные футболки,2821
2862,Спортивные шорты,2821
2864,Ложки для обуви,12823
2865,Сушилки для обуви,12823
2866,Щетки и губки для обуви,11403
2867,"Ремешки, застежки для часов",2609
2875,Тонометры и аксессуары,2657
2876,Дождевики,10956
2877,Дождевики,10940
2878,Досуг и развлечения,10007
2879,Лепка,10008
2880,Глина полимерная,2879
2881,Гипс и масса для лепки,2879
2882,Инструменты,2879
2883,Мыльные пузыри,2878
2884,Капли для животных,10061
2885,Пасты и гели,10061
2886,Средства от блох и клещей,10061
2888,Суспензии,10061
2889,Спреи,10061
2890,Прочие аксессуары,2780
2891,Фехтование,10136
2892,Промышленные и строительные пылесосы ,10040
2894,Мебель,10018
2895,Пуфики и банкетки,2894
2896,Столы,2894
2897,Стулья и табуретки,2894
2898,Журнальные столики,2894
2899,Станки и комплектующие,10131
2900,Учебно-методическая литература,10778
10002,Автотовары,1
10003,Аксессуары,1
10004,Бытовая техника,1
10005,Бытовая химия и личная гигиена,1
10006,"Дача, сад и огород",1
10007,Детские товары,1
10008,Хобби и творчество,1
10009,Здоровье,1
10010,Канцтовары,1
10011,Книги,1
10012,Красота,1
10013,Обувь,1
10014,Одежда,1
10015,Спорт и отдых,1
10016,Строительство и ремонт,1
10018,Товары для дома,1
10019,Зоотовары,1
10020,Электроника,1
10021,Мужские аксессуары,10003
10022,Аксессуары для путешествий,10003
10023,Женские аксессуары,10003
10024,Аксессуары для девочек,10003
10025,Техника для дома,10004
10026,Аксессуары для мальчиков,10003
10027,Крупная бытовая техника,10004
10028,Товары для кухни,10004
10029,Климатическая техника,10004
10030,"Ноутбуки, планшеты и электронные книги",10020
10031,"Пикник, барбекю, гриль",10006
10032,Техника для приготовления десертов,10028
10033,"Кошельки, ключницы и визитницы",10021
10034,Одежда для беременных,10014
10035,Блендеры и миксеры,10028
10036,Уборка снега,10006
10039,"Отдых на природе, рыбалка и охота",10015
10040,Строительное оборудование,10016
10041,Парники и теплицы,10006
10044,Смартфоны и телефоны,10020
10045,Платки и шарфы,10023
10046,Спортивная защита и экипировка,10015
10047,Для птиц,10019
10048,Аксессуары для кухонной техники,10028
10049,Текстиль,10018
10051,Для рыб и рептилий,10019
10052,Мужская одежда,10014
10053,Для кошек,10019
10055,Садовый инструмент,10006
10056,Кофемашины и кофеварки,10028
10057,Семена и саженцы,10006
10058,Товары для комнатных растений,10018
10059,Носовые платки и повязки,10024
10060,Сумки и рюкзаки,10023
10061,Ветаптека,10019
10062,Швейные машины и аксессуары,10025
10064,Гигиена и подгузники,10007
10066,Спортивное питание,10015
10067,Шарфы и платки,10024
10068,Для собак,10019
10070,Уход за телом,10012
10072,Ручной инструмент и оснастка,10016
10073,Аксессуары для электроники,10020
10074,Компьютерная техника,10020
10075,Ювелирные украшения,10021
10078,Отделочные материалы,10016
10079,Прочая кухонная техника,10028
10080,Головные уборы,10023
10081,Сумки и рюкзаки,10021
10082,Бижутерные украшения,10026
10083,Товары для кормления,10007
10084,Парфюмерия,10012
10085,Автозапчасти,10002
10086,Офисная техника,10020
10087,"Галстуки и бабочки, карманные платки",10026
10090,Музыкальные инструменты,10008
10091,Макияж,10012
10092,Зимний спорт,10015
10094,Техника для красоты,10012
10095,Одежда для новорождённых,10014
10096,Обувь для мальчиков,10013
10097,Активные виды отдыха,10015
10098,Ремни и пояса,10024
10100,Свадебные аксессуары,10023
10102,Платки и шарфы,10021
10103,Электрические чайники и термопоты,10028
10104,Бижутерные украшения,10023
10105,Удобрения и уход за растениями,10006
10106,Садовая мебель и декор,10006
10107,Аксессуары для волос,10023
10108,Перчатки и варежки,10021
10110,Хозяйственные товары,10018
10111,Электроника для авто,10002
10112,Аппараты для влажной уборки,10025
10113,Маникюр и педикюр,10012
10114,Рисование,10008
10115,Товары для кухни,10018
10116,Женская одежда,10014
10117,Перчатки и варежки,10026
10118,Товары для праздников,10018
10120,Вентиляция,10016
10121,Аксессуары для швейных машин,10062
10122,Техника для варки блюд,10028
10123,Для сельскохозяйственных животных,10019
10124,Очищение и увлажнение воздуха,10029
10125,Лепка,2878
10126,Перчатки и варежки,10024
10127,Освещение,10016
10128,Биотуалеты и септики,10006
10129,Телевизоры и видеотехника,10020
10130,Кулеры для воды и аксессуары,10027
10131,Электроинструменты,10016
10132,Аксессуары и принадлежности,10002
10133,Водный спорт и отдых на воде,10015
10134,Очки,10021
10135,"Товары для мототехники, мотоэкипировка",10002
10136,Виды спорта,10015
10137,Уход за лицом,10012
10138,Электрика,10016
10139,Ремни и подтяжки,10021
10140,"Галстуки, бабочки, карманные платки",10021
10141,Умные часы и фитнес браслеты,10020
10143,"Кошельки, ключницы и визитницы",10023
10144,Наушники и аудиотехника,10020
10146,Головные уборы,10021
10147,Для грызунов,10019
10148,Мужская обувь,10013
10150,Оптические приборы,10020
10151,Женская обувь,10013
10152,Аксессуары для волос,10024
10153,Аккумуляторы и аксессуары,10002
10154,Головные уборы,10024
10155,Обувь для девочек,10013
10156,Вентиляторы,10029
10157,Фитнес и тренажеры,10015
10158,Садовая техника,10016
10159,Сантехника,10016
10160,Бижутерные украшения,10024
10161,Водоснабжение для дома и сада,10016
10162,Игрушки и игры,10007
10163,Наборы,10012
10164,"Ремни, пояса и портупеи",10023
10165,Уход за волосами,10012
10166,Спецодежда,10014
10168,Микроволновые печи и грили,10028
10169,Для мужчин,10012
10171,Настольные и карточные игры,2878
10172,Перчатки и варежки,10023
10173,Аксессуары для крупной бытовой техники,10027
10174,Детская комната,10007
10176,Навигаторы,10020
10177,Бижутерные украшения,10021
10179,Уход за автомобилем,10002
10180,Фото- и видеотехника,10020
10183,Души и рукомойники,10006
10184,Товары для бани и сауны,10018
10185,Оборудование и материалы для тату-салона,10012
10186,Игровые приставки,10020
10188,Гараж и автосервис,10002
10191,Декор и интерьер,10018
10192,Коляски и автокресла,10007
10193,Ремни и подтяжки,10026
10195,Кондиционеры,10029
10196,Масла и автохимия,10002
10198,Пылесосы,10025
10200,Утюги и отпариватели,10025
10201,Бассейны и аксессуары,10006
10203,Шарфы и платки,10026
10204,"Создание картин, фоторамок, открыток",10008
10205,Квадрокоптеры и аксессуары,10020
10206,Гигиена,10019
10207,Мозаика и фреска,10008
10208,Техника для приготовления блюд,10028
10210,Головные уборы,10026
10212,Очки,10023
10213,Рукоделие,10008
10214,Ювелирные украшения,10023
10215,Инструменты и оборудование,10002
10216,Купание и уход,10007
10217,Детский спорт и активный отдых,10007
10219,Хранение вещей,10018
10221,Одежда для девочек,10014
10222,Одежда для мальчиков,10014
10223,Сумки и рюкзаки,10024
10225,Сумки и Рюкзаки,10026
10226,Умный дом и безопасность,10020
10227,Часы и электронные будильники,10020
10228,Командные виды спорта,10015
10230,Шины и диски,10002
10232,Детям и беременным,10012
10233,Автозвук,10002
10234,Гадания и эзотерика,10008
10241,Бег,10136
10246,Ботинки и полуботинки,10148
10257,Плавание,10133
10258,Теннис и бадминтон,10136
10260,"Нижнее белье, термобелье и купальники",10221
10262,Шторы и карнизы,10049
10268,Толстовки и олимпийки,10222
10270,Настольные подставки и визитницы,10010
10273,Сапоги и полусапоги,10096
10282,Одноразовая посуда и упаковка,10115
10283,Измерительные приборы,10131
10288,Графика,10114
10289,Столовая посуда,10115
10290,"Самокаты, гироскутеры и моноколеса",10097
10292,Балетки и мокасины,10151
10301,Детям и родителям,10011
10309,Инструменты и принадлежности,10114
10313,Носки,10052
10315,Аксессуары для перевозки собак,10068
10316,Средства гигиены,10206
10317,Средства для укладки,10165
10319,Толстовки и олимпийки,10221
10324,Корма и лакомства для птиц,10047
10332,Сабо и мюли,10151
10335,Проекторы и аксессуары,10129
10339,Костюмы и пиджаки,10222
10340,Настольный теннис,10136
10343,Оборудование для торговли,10010
10350,Комбинезоны,10221
10355,Инструменты для маникюра,10113
10374,Аудиотехника,10144
10376,Рыбалка,10039
10377,Тарелки и блюда,10115
10384,Средства от насекомых и грызунов,10005
10385,Уход за территорией,10055
10387,Сапоги и полусапоги,10148
10390,Порядок на кухне,10115
10398,Аксессуары и запчасти,10044
10404,"Джемперы, свитеры и кардиганы",10221
10416,Носки,10222
10418,Комбинезоны,10116
10422,Аварийные принадлежности,10132
10428,Защита кузова авто,10132
10437,Калькуляторы,10010
10438,Малярные инструменты,10072
10445,Домашняя одежда,10052
10447,Уход за лицом и телом,10169
10469,Охота и стрельба,10039
10475,Нехудожественная литература,10011
10476,Маски,10137
10480,Бейсбол,10228
10483,Пледы и покрывала,10049
10484,Домашняя одежда,10221
10487,Аксессуары,10030
10500,Костюмы и комплекты,10116
10502,Обустройство салона,10132
10504,Фильтры для воды,10115
10508,Новогодние товары,10118
10516,Костюмы и пиджаки,10221
10523,Туфли и мокасины,10148
10524,Средства для стирки,10005
10526,Аксессуары для компьютеров,10074
10528,Сандалии и сабо,10148
10533,"Колготки, носки, чулки",10116
10539,Крепеж,10072
10541,Папки и файлы,10010
10542,Ударно-рычажные инструменты,10072
10545,"Кружки, стаканы и бокалы",10115
10550,Кроссовки и кеды,10096
10558,Платья и сарафаны,10221
10559,Инвентарь для уборки,10110
10561,Демонстрационные доски,10010
10571,Периферия и аксессуары,10144
10584,Плавание и игры на воде,10217
10586,Термосы и термокружки,10115
10589,Украшения на шею,10104
10596,Измерительные инструменты,10072
10597,Платья,10116
10599,Туфли и мокасины,10096
10617,Чехлы и органайзеры,10132
10621,Костюмы и комплекты,10052
10622,Столовые приборы,10115
10626,Загар и защита от солнца,10070
10630,Шлифование,10131
10634,"Джемперы, свитеры и кардиганы",10222
10639,Ортопедические изделия,10009
10641,Комплектующие для компьютерной техники,10074
10645,Фурнитура,10072
10646,Аксессуары и запчасти для игровых приставок,10186
10648,Увлажнение и питание,10137
10651,Формы для приготовления,10115
10659,Сандалии,10096
10663,Брюки и джинсы,10116
10664,Другой садовый инструмент,10055
10666,Умный дом,10226
10671,Художественная литература,10011
10680,Картины по номерам,10204
10689,Товары для бритья,10005
10690,Столярно-слесарные инструменты,10072
10695,Игровые контроллеры,10186
10696,Губы,10091
10702,Корма и Лакомства,10068
10705,Средства для очищения и ухода,10165
10717,Бумажная продукция,10010
10723,Косметика для животных,10206
10733,Аккумуляторы и зарядные устройства,10131
10734,Купалки и инструменты для ухода за грызунами,10147
10736,Угги и валенки,10151
10737,Клетки и лестницы,10047
10739,Толстовки,10052
10747,Расходные элементы,10131
10748,Средства по уходу за животными,10206
10749,Фейерверки и салюты,10118
10751,Очищение и умывание,10137
10752,Расходные материалы,10072
10765,Аксессуары для фото- и видеокамер,10180
10770,Подушки,10049
10774,Туалеты и наполнители,10053
10775,Прочие ремесла,10213
10778,Учебная литература,10011
10785,Жакеты и жилеты,10116
10797,Презервативы и лубриканты,10017
10804,Средства индивидуальной защиты,10072
10805,Кухонный текстиль,10049
10806,"Джемперы, свитеры и кардиганы",10052
10810,Сувениры автомобильные,10132
10822,Футболки и майки,10222
10823,Депиляция и эпиляция,10005
10824,Босоножки и сандалии,10155
10825,Букинистика,10011
10826,Для бороды и усов,10169
10839,Корма и лакомства,10053
10840,Чертежные принадлежности,10010
10858,Постельное белье,10049
10865,Тюнинг и внешний декор,10132
10867,Белье и пляжная одежда,10222
10868,Вспомогательные жидкости,10114
10870,Кроссфит,10157
10875,Верхняя одежда,10222
10877,Брюки и джинсы,10222
10879,Юбки и шорты,10221
10881,Брюки и джинсы,10052
10890,Кухонные инструменты,10115
10900,Велоспорт,10097
10908,Оборудование для телевизоров,10129
10911,Запчасти и аксессуары,10198
10912,Шлепанцы и сланцы,10096
10915,Безопасность дома,10226
10916,Бумажная и ватная продукция,10005
10917,Печати и штампы,10010
10918,Увлажнение и питание,10070
10922,Винные аксессуары,10115
10924,Аминокислоты,10066
10932,Сапоги и полусапоги,10151
10934,Оформление праздника,10118
10937,Белье и пляжная одежда,10052
10940,Верхняя одежда,10052
10943,Развивающие и обучающие игрушки,10162
10950,Видеонаблюдение,10226
10953,Воротники и лечебные ошейники,10061
10956,Верхняя одежда,10116
10968,Глаза,10091
10987,Кроссовки и кеды,10151
10992,Хранение продуктов,10115
10997,Фитнес,10157
11003,Обрезка деревьев и кустарников,10055
11009,Кроссовки и кеды,10148
11011,Освежители и ароматизаторы,10005
11012,Средства для ухода за бытовой техникой,10005
11015,Брови,10091
11017,Носки и колготки,10221
11018,Шлепанцы и сланцы,10148
11025,Брюки и джинсы,10221
11026,"Роликовые коньки, экипировка и запчасти",10097
11027,Аппаратная косметология,10094
11034,Переноски и шлейки для грызунов,10147
11041,Картриджи,10010
11067,Блузки и рубашки,10221
11068,Туризм и отдых на природе,10039
11069,Угги и валенки,10155
11080,Верхняя одежда,10221
11083,Средства для посудомоечных машин,10005
11084,Массажеры,10009
11086,Домашняя одежда,10222
11087,Хранение данных,10074
11088,Сапоги и полусапоги,10155
11092,Аксессуары для выпечки,10115
11097,Аксессуары для напитков,10115
11099,Ковры и ковровые дорожки,10049
11116,Домашняя одежда,10116
11120,Кухонные аксессуары,10115
11128,Игрушки и аксессуары для птиц,10047
11129,Приготовление алкоголя,10115
11132,Ботинки и ботильоны,10151
11133,Ботинки,10155
11138,Аксессуары и уход за офисной техникой,10086
11140,Приставки,10186
11145,Плееры и техника для проигрывания,10129
11155,Комиксы,10011
11157,Наушники,10144
11163,"Подарочная упаковка, открытки",10118
11166,Футболки и топы,10116
11168,Комплектующие для офисной техники,10086
11182,Балетки и туфли,10155
11189,Ботинки,10096
11195,Зажимные инструменты,10072
11204,Средства для душа и ванны,10070
11209,"Сверление, долбление, закручивание",10131
11215,Измельчители и соковыжималки,10115
11231,Шлепанцы и сланцы,10155
11232,Кормушки и подставки для мисок,10068
11239,Профессиональные инструменты парикмахера,10165
11245,Средства для проблемной кожи,10137
11254,Оборудование для фотографов,10180
11256,Пильно-отрезные инструменты,10131
11261,Бумага,10010
11264,Шорты и юбки,10116
11266,Офисное оборудование,10086
11268,Фото- и видеокамеры,10180
11281,Зарядные устройства и кабели,10398
11285,Окрашивание и химическая завивка,10165
11287,Интимная гигиена,10005
11291,Укладка волос,10094
11292,Лицо,10091
11299,Угги и валенки,10148
11300,Текстиль с электроподогревом,10049
11304,Толстовки,10116
11306,Футболки и майки,10221
11309,Защита и безопасность,10174
11311,Бизнес-литература,10011
11317,Домики и лежаки для кошек,10053
11328,Аксессуары для макияжа,10091
11329,Оптика,10009
11333,Стрижка волос,10094
11340,Блузки и рубашки,10116
11341,Чистящие и моющие средства,10005
11344,Ключи,10072
11350,Компьютерная периферия,10074
11351,Белье и купальники,10116
11361,Паяльно-термические инструменты,10131
11365,Босоножки и сандалии,10151
11370,Аксессуары,10070
11376,Наматрасники и чехлы,10049
11379,"Джемперы, свитеры и кардиганы",10116
11384,Аксессуары для просмотра,10129
11388,Офисные принадлежности,10010
11390,Посуда для приготовления,10115
11395,Одежда и обувь для собак,10068
11402,Витамины и добавки для животных,10061
11403,Средства по уходу за обувью,10005
11405,Футболки и майки,10052
11419,Все для сна,10174
11420,Обработка почвы,10055
11423,Перевозка багажа,10132
11427,Пиджаки и жилеты,10052
11428,Корма и лакомства для грызунов,10147
11432,Аксессуары и расходные материалы,10055
11433,Кроссовки и кеды,10155
11434,Угги и валенки,10096
11438,Средства против целлюлита и растяжек,10070
11442,Компьютеры,10074
11448,Массажное оборудование,10009
11449,Аксессуары,10165
11454,Гигиена полости рта,10005
11464,Йога и пилатес,10157
11466,Комбинезоны,10222
11468,Мыло,10005
11469,Литература на иностранных языках,10011
11477,Письменные принадлежности,10010
11479,Когтеточки и игровые комплексы,10053
11495,Аксессуары для проигрывателей,10144
11496,Клетки и домики,10147
11505,Товары для консервирования,10115
11508,Шлепанцы и сланцы,10151
11511,"Миски, поилки и кормушки для грызунов",10147
11512,Монтажные инструменты,10072
11516,Товары для дрессировки собак и аммуниция,10068
11519,Чайники и кофейники,10115
11530,Временные татуировки,11370
11531,Клеммы аккумуляторные,10153
11533,"Фольга , пленка, рукава для запекания",10992
11534,"Тяпки, мотыги, совки садовые",11420
11535,Валики и малярные ванночки,10438
11536,Аксессуары для микрофонов,10374
11537,Проращиватели семян,10057
11539,Проекторы,10335
11540,"Налокотники, перчатки, носочки",11370
11541,Шугаринг,10823
11542,Сплиттеры,11350
11545,Накладки на педали,10502
11546,Тоники,11245
11547,Стамеска,10690
11548,Колготки,10034
11549,Толстовки и олимпийки,10034
11550,Брюки и шорты,11086
11551,Приманки рыболовные,10376
11552,Клатчи,10060
11553,Су-вид,10122
11554,Бабочки,10140
11556,Пеленальные столики и доски,10216
11557,Подшипники,10085
11559,Эспандеры,10870
11560,"Шапочки, чепчики и рукавички",10095
11561,Отбеливатели и пятновыводители,10524
11563,Компьютерные технологии,10475
11564,Чехлы для плееров и аудиосистем,11495
11565,Аксессуары для экшн камер,10765
11566,Шлифовальные круги,10747
11567,Чокеры,10589
11568,Покрывала,10483
11569,Гаджеты для бега,10241
11571,ЕГЭ,10778
11572,Кинетический песок,10125
11573,Комплекты и пижамы,10445
11574,Браслеты,10104
11575,Романтика и любовь,10680
11576,Прочая садовая техника,10158
11577,Столики и полки,10502
11578,Карты и модули доступа,10908
11579,Менеджмент и управление,11311
11580,Шарфы,10045
11581,"Держатели, подставки и подносы",10191
11583,Рулетка,10596
11584,Сапоги,10387
11585,"Термосумки, изотермические контейнеры",10031
11586,История,10475
11587,Кронштейны и крепления,11384
11588,Тушь,10288
11589,Уход за шинами и дисками,10230
11590,Грунт и удобрения,10105
11591,Комплектующие и расходные материалы,10138
11592,Монтировка,10542
11593,Крем для тела,10232
11594,Резиновая обувь,10273
11595,Электровеники,10198
11596,Детские косметические средства,10232
11597,Шапки,10154
11598,Запонки,10075
11599,Папки подвесные,10541
11600,Парики и шиньоны,11449
11601,Наполнители,10774
11602,Брюки,10877
11603,Машинки для стрижки,11333
11604,Зубные щетки,10316
11605,Промышленные компьютеры и серверы,11442
11610,Дутики,10736
11611,Тонировка автомобиля,10865
11612,Шаблон плиточника,10596
11613,Кольца,10214
11614,Блоки,11464
11615,Ведерки для льда,11097
11617,Сувениры и подарки,10191
11618,Бленды для объектива,10765
11619,Формы для мороженого,10651
11621,"Свитеры, джемперы и кардиганы",10034
11622,Кувшины и графины,10289
11623,Пряжки,10164
11624,Домашняя обувь,10155
11625,Транспортиры,10840
11626,Цепочки,10075
11627,Удилища,10376
11628,Угольники,10840
11629,Гвоздодер,10542
11630,Гигрометры,10283
11631,Автомобильные пылесосы,10179
11632,Инструменты для ухода,10734
11633,Брызговики,10865
11634,Дефлекторы капота,10865
11635,Кремы для тела,10918
11636,Анатомические подушки,10770
11637,Тарелки,10377
11638,Студийное оборудование,11495
11639,Шапки,10146
11640,Антифризы,10196
11642,Валенки,10736
11643,Ремни,10098
11644,Резиновые сапоги,10932
11645,"Жесткие диски, SSD и сетевые накопители",10641
11646,Горшки и детские сиденья на унитаз,10064
11647,Средства для снятия макияжа,10751
11648,Фрукто-овощерезки,11215
11649,Иконы,10191
11651,"Путешествия, путеводители",10475
11652,Туфли,11182
11654,Воспитание детей,10301
11655,Наборы косметики для ухода за телом,10163
11656,Домики,11317
11657,Ведра и тазы,10559
11658,Коврики придверные,11099
11659,Шумовки,10890
11660,Фильтры для кофемашин,10056
11661,Аксессуары и расходники для карандашей,11477
11663,Миксеры и разбавители косметики,11328
11664,Чертежные доски и кульманы,10840
11665,Софтбоксы,11254
11666,Головоломки,10943
11668,Лупы,11388
11669,Манометры,10215
11670,Хлебницы и сухарницы,10992
11671,Штанги крепежные,10539
11672,Прессы для картофеля,11215
11673,Визитницы настольные,10270
11674,Кисти кулинарные,10890
11675,Датеры,10917
11676,Фартуки и пояса,11432
11678,Брюки и джинсы,10034
11679,Ходунки и прыгунки,10217
11680,Лечебные согревающие изделия,10639
11681,Масла,10705
11682,Угги,11069
11683,Перья,11477
11684,Попкорн-мейкеры,10032
11686,Пробки,11097
11687,Воскоплавы и парафиновые ванны,10823
11690,Зажимы и беруши,10257
11691,Мясорубки и комплектующие,10028
11692,Креатины,10066
11693,Химическое выпрямление,11285
11694,Водолазки,10404
11695,Сифоны для газирования,11097
11696,Посуда для кормления,10083
11697,Домкраты,10215
11699,Гантели,10997
11700,Обувь и аксессуары,10241
11701,Соковыжималки,10028
11702,Растворы для контактных линз,11329
11703,Медицина,10475
11704,Хоккей,10228
11705,Пустышки и соски,10083
11706,Фэнтези,10671
11707,Гамаки,10106
11708,Фотобоксы,11254
11709,Ножи для электрорубанков,10747
11711,Масла,10826
11712,Комбинезоны,10034
11713,Товары для чая матча,11097
11714,Сетевые адаптеры и PoE-инжекторы,11350
11715,Книги пожеланий,10717
11716,Серьги,10160
11717,Sim-карты,10044
11718,Напольные вентиляторы,10156
11719,Варежки,10172
11720,Комбинезоны и кигуруми,11086
11721,Подушки и матрасы автомобильные,10770
11722,Антижучки,10915
11723,Светоотражащие жилеты,10422
11724,Купалки,10734
11725,Бальзамы для губ,10696
11726,Маркерно-меловые доски,10561
11727,Развивающие мозаики и коврики,10943
11728,Ремни,11464
11729,Дом и хобби,10475
11730,Наборы для путешествий,10022
11731,Товары к Пасхе,10118
11732,Корзины для цветов,10058
11733,Сменные картриджи для фильтров-кувшинов,10504
11734,Часы,10082
11735,Джинсы,10881
11736,Косметические наборы для волос,10163
11737,Кузовные запчасти,10085
11738,Ножницы,11239
11739,Комплектующие для душевых кабин,10159
11741,Степлер мебельный,11512
11742,Культивация почвы,10158
11743,Наборы для покера,14387
11744,Мокасины,10523
11745,Украшения на шею,10160
11746,Скороварки,10122
11747,Лотки и накопители для бумаг,11388
11748,Душевые системы и лейки,10159
11749,Полуботинки,11189
11750,Перчатки,10172
11751,Аксессуары для сумок,10060
11752,Сандалии,10824
11753,Варежки для парафинотерапии,11370
11754,Ночники,10127
11755,Маркетинг и продажи,11311
11756,Преобразователи напряжения,10073
11757,Коробки,11163
11758,Туристические навигаторы,10176
11760,Носовые платки,10067
11761,Визитницы и кредитницы,10143
11762,Емкости для жидкостей,10992
11764,Тюли и гардины,10262
11765,Картриджи для 3D ручек,11168
11767,Объективы,10765
11768,Средства для ванной и туалета,11341
11769,Дезодоранты,11403
11770,Сумки,10060
11771,Панамки,10210
11772,Комплекты расходных материалов,10911
11774,Худи,11304
11776,Малярные кисти,10438
11777,Сумки и чехлы,11464
11778,Подушки на стул,10770
11779,Bubble,11155
11780,Обувь,11395
11781,Шлепанцы,10912
11782,Полуботинки,11132
11783,Домино,10171
11784,Книги учета,10717
11786,Дюбели,10539
11787,Прочие облицовочные материалы,10078
11788,Регби и американский футбол,10228
11789,Защита внешних частей,10428
11790,Конверты,11163
11791,Бассейны,10201
11792,Скобянные изделия,10539
11793,Джемперы и лонгсливы,10445
11795,Бумага широкоформатная,11261
11796,Минеральные камни,10324
11797,Мусс для ухода за кожей,10751
11798,Пэчворк и квилтинг,10775
11799,Тени,10968
11800,Рамки для номеров,10865
11801,Миксеры,10035
11802,Подъемное оборудование,10188
11803,Итальянский язык,11469
11804,Парники и дуги,10041
11805,Майки,11166
11807,Аксессуары для рыбалки,10376
11808,Магнитофоны,10374
11809,Качели и шезлонги для малышей,10217
11810,Стаканодержатели,10130
11811,Отражатели и рефлекторы,11254
11812,Тенты и шатры,11068
11813,Заколки и гребни,10107
11814,Аварийные наборы,10422
11815,Комбинезоны вечерние,10418
11816,Мангалы,10031
11817,Пластилин,10125
11818,Наборы для создания слепков,2879
11820,Чернила,11168
11821,Охранное оборудование для дома и дачи,10915
11822,Клей и герметики,10196
11823,Электрогрелки,11300
11824,Микроскопы,10150
11825,Коврики для ванной,11099
11826,Коврики для выпечки,11092
11827,Аксессуары для игровых контроллеров,10646
11828,Наборы посуды,10289
11830,Краски Холи,10934
11831,Наборы для выращивания растений,10057
11832,Хранение колес,10188
11833,Клеи и герметики,10078
11834,Массажные подушки для авто,11448
11835,Переноски,11034
11836,Держатели для ножей,10390
11838,Подносы,11120
11840,Туалеты для собак,10068
11841,Точилки и трафареты,11328
11842,Мокасины,10599
11843,Аксессуары для очков,10134
11844,Рюкзаки и ранцы,10225
11845,Мойки воздуха,10124
11846,Лонгсливы,11306
11847,Полусапоги,10932
11848,Квадрокоптеры,10205
11849,Средства для снижения веса,10066
11850,Крепления и подставки,10646
11851,Бандажи и ортезы,10639
11852,Педальное управление,10085
11853,Дезодоранты и антиперcпиранты,11287
11854,Уход за татуировками,10185
11855,Насадки для реноваторов,10747
11856,Маски для сна,10022
11858,Корзины для бумаг,11388
11859,Кофеварки,10056
11860,Видеорегистраторы,10111
11861,Кисти,10114
11863,Маски и обертывание,10918
11864,Антенны и аксессуары,10908
11866,Аргинины,10924
11867,Аккумуляторные батареи,10153
11868,Бутербродницы,10208
11870,Бутылки и питьевые системы,10241
11871,Наушники,10080
11872,Пилки для ногтей,10355
11873,Вилки кулинарные,10890
11874,Бассейны,10584
11875,Олимпийки,10319
11876,Масло косметическое,11245
11877,Папки для бумаги,10541
11878,Шампуни,10705
11879,Бриджи и капри,11025
11880,Зимняя рыбалка,10376
11881,Римские свечи и фонтаны,10749
11882,Перчатки,10117
11883,Датчики давления шин,10111
11884,Корма,10324
11885,Электроножи,10079
11886,Линейки,10840
11887,Степлеры и скобы,11388
11889,Кухонные наборы,10890
11890,Диски,10230
11891,Верхняя одежда,10034
11892,Аксессуары для телескопов,10150
11893,Полотенцесушители и комплектующие,10159
11894,Кольца,10104
11896,Блюда,10377
11897,Пульты дистанционного управления,10765
11898,Автомобильные фонари,10422
11899,Купальники,10260
11900,Защита шин и дисков,10428
11901,Сабо,10528
11902,Скалки,11092
11904,Аксессуары,14387
11905,Аккумуляторные отвертки,11209
11906,Фены-щетки и термощетки,11291
11907,Средство антицеллюлитное,11438
11908,Уход за стеклами и фарами,10179
11909,Чехлы для чемоданов,10022
11910,Звуковые сигналы,10865
11911,Салфетки и ватные палочки,10316
11912,Датчики для авто,10111
11913,Поло,11166
11914,Папертоли,10204
11915,Емкости,10035
11916,Снорклинг,10133
11917,Очки виртуальной реальности,10695
11918,Размораживатели замков и стекол,10179
11920,Тормозные жидкости,10196
11921,Контактные линзы,11329
11922,Проекционные часы,10227
11924,Кино и мультфильмы,10680
11926,Пакеты для мусора,10502
11927,Средства для ремонта царапин,10179
11928,Видеокамеры,11268
11930,Венчики,10890
11931,Термосы,10586
11932,Комплекты,10154
11934,Холсты,10114
11935,Поло,10822
11936,Домики,11496
11937,Чехлы,10398
11938,Лестницы координационные,10870
11939,Фитнес браслеты,10141
11940,Для посудомоечных машин,11012
11941,Фольга цветная,11261
11942,Жилеты,10956
11943,Системы очистки стекол и фар,10085
11944,Посуда для духовки,11390
11945,Бумага для факса,11261
11946,Ключницы,10033
11947,Полукомбинезоны,11466
11948,Чехлы и ручки для бутылей,10130
11949,Наборы,10140
11950,Marvel,11155
11951,Вытяжные вентиляторы,10120
11952,Пальто и плащи,11080
11955,Оборудование для авторемонта,10188
11956,Футболки,11166
11957,Кремы для рук,10918
11958,Шлепанцы,11231
11959,Комплекты верхней одежды,10875
11960,Шапочки для душа,11449
11961,Коврики для намаза,11099
11962,Крышки,11505
11963,Лодки и аксессуары,10376
11965,Робототехника и Stem-игрушки,10162
11966,Жидкости омывателя,10196
11967,Вантузы и тросы,10559
11968,Ударные и перкуссия,10090
11969,Прочие аксессуары,10168
11970,Солнечные панели и батареи,10073
11971,Дорожные сумки,10022
11972,Комплекты украшений,10214
11973,Слипоны,10550
11974,Осветлители,11285
11975,Ботинки,10246
11976,Медицинболы,10997
11977,Стабилизаторы,11254
11978,Емкости мерные,10890
11979,Рубанок ручной,10690
11980,Джемперы,10806
11981,Дутики,11069
11982,Мячи,10480
11983,Валяние,10213
11984,"Туши, тени, гели, помады для бровей",11015
11985,Персональные сигнализации,10915
11986,Детские маникюрные наборы,10232
11987,Наборы для квиллинга,10204
11988,Ботильоны,11132
11989,Брелоки и декоративные элементы,10810
11990,Ножницы по металлу,10690
11991,Кеды,11433
11992,Зубные щетки,11454
11993,Жилеты,10806
11995,Пазлы,2878
11996,Трансмиссия,10085
11997,Кипятильники в прикуриватель,10111
11998,Ручки для посуды,11120
11999,Миски и салатницы,10377
12000,Подставки для мисок,10068
12001,Совки,10559
12002,Строительные ленты,10752
12004,Рюмки и стопки,10545
12005,Для коров,10123
12007,Клетки,10737
12008,Катушки,10376
12010,Шайки и ушаты,10184
12011,Свитеры,10404
12012,Краски и грунтовки,10179
12013,Бизнес образование,11311
12014,Ручки и опоры,10502
12015,Антенные усилители,10908
12017,Масло для душа,11204
12018,Коробки почтовые,10717
12019,Подушки штемпельные,10917
12020,Освещение для технического помещения,10127
12023,Часы,10160
12024,Туники,10597
12025,Мини-Вентиляторы,10156
12026,Обучение плаванию,10257
12027,Метлы и щетки садовые,10385
12028,Аксессуары для кормления,10702
12029,Ватные диски,10916
12030,Картон,11261
12031,Клеевые пистолеты,11361
12032,Фены и насадки,11291
12033,Сверла,10747
12034,"Поилки, кормушки",10047
12035,Dark Horse,11155
12036,Переходные кольца/адаптеры для объективов,10765
12037,Принадлежности для купания,10216
12038,Санки и снегокаты,10092
12039,Пиджаки,10785
12040,Чалма,10080
12043,Плодосборники,10664
12044,Разделочные доски,10890
12045,Чехлы и сумки для планшетов и электронных книг,10487
12046,Пальто и плащи,10875
12047,Студийное оборудование,11254
12048,Средства для ухода за мебелью и полом,11341
12049,Адаптеры и переходники,10073
12050,Кисти,10355
12051,Счетчики электроэнергии и комплектующие,10138
12052,Фильтр-кувшины,10504
12053,Слипоны,10987
12055,Специализированная обувь,10166
12056,Цифро-аналоговые преобразователи,10571
12059,Шляпы,10154
12060,Олимпийки,10268
12061,Скейтбординг,10097
12062,Худи,10739
12063,Художественная литература,10301
12064,Блузки и рубашки,10034
12065,Товары для полива,10385
12066,Развитие карьеры,11311
12067,Наборы аксессуаров,10646
12068,Мебельная фурнитура,10645
12069,Ботинки,11133
12070,Паяльник,11361
12071,Комплекты,10080
12072,Финансы,11311
12073,Автомобильные инверторы,10111
12074,Крышки для напитков,10282
12075,Уровень,10596
12076,Лопатки кондитерские,11092
12077,Халаты,10445
12078,Резинки,10107
12079,"Щетки, губки, салфетки",10179
12080,Бутылочки и поильники,10083
12081,Скрабы,10705
12082,Подставки и держатели,10390
12083,Коврики,11068
12084,Религиозная одежда,10014
12085,Наволочки,10858
12088,Гольфы и гетры,10533
12089,Межзубные ершики,11454
12090,Подушки для сна,10022
12091,Струнные инструменты,10090
12092,Блоки питания,10641
12093,Защита заднего бампера,10428
12094,Автоматика для ворот,10950
12097,Масло гидрофильное,10751
12098,Двигатель,10085
12099,Автоклавы и аксессуары,10079
12100,Пульты ДУ,10908
12102,Шейкеры для напитков,11097
12103,Бельди,11468
12104,Щуп измерительный,10596
12105,Стеклоочистители,10085
12106,Оборудование для брожения,11129
12107,Ресиверы,10571
12108,Противооткатные башмаки и упоры,10422
12109,Ободки,10152
12110,Средства для депиляции,10823
12111,Объективы для смартфонов,10398
12112,Чаши для мултиварок,10122
12114,Наборы для макияжа,10163
12115,Фрезерование,10131
12116,Ботфорты,10932
12117,Фильтры для фритюрниц,10048
12118,Монетницы,10033
12120,Ракеты,10749
12122,Автосвет,10085
12123,Конструкторы,10162
12124,Маринаторы,10079
12125,Карманные платки,10087
12126,Валики,11464
12127,Балетки,11182
12128,Шорты,11264
12129,Хотдог-мейкеры,10208
12131,Принадлежности для кормления,10083
12132,Капсулы и ополаскиватели,11083
12133,Подставки для учебников,10270
12134,Повязка на шею,10046
12135,Ручные инструменты,10215
12136,Массажные матрасы,11448
12137,Электролобзики,11256
12139,Свитеры,10806
12140,Скутеры,10135
12141,Чехлы для колес,10230
12142,Наборы столовых приборов,10622
12143,Спреи,10317
12144,Помады,10696
12145,Тренировочные петли,10997
12146,Кольца и перстни,10075
12147,Майки,11405
12148,Ламинаторы и брошюровщики,11266
12150,Водолазки,10806
12151,Коляски,10192
12152,Микрокомпьютеры,11350
12154,Рюкзаки,10081
12155,Органайзеры и сумки,10617
12156,Кепки,10210
12157,"Геймпады, джойстики и триггеры",10695
12158,Джемперы и толстовки,10095
12159,Значки,10104
12160,Детские музыкальные инструменты,10090
12161,Трафареты для выпечки,11092
12162,Брелоки,10160
12163,"Одеяла, пледы, покрывала",11419
12164,Вазы,10191
12165,Ручные пылесосы,10198
12167,Перчатки,10126
12168,Комиксы,10301
12169,Бумага цветная,11261
12170,Ремни для фотокамер,10765
12171,Кабели,11281
12172,Худи,10319
12173,Освещение для сада,10127
12174,Трусы гинекологические,11287
12175,Стекломои и скребки,10559
12176,Горшки и кашпо,10058
12177,Туалеты,10774
12178,Юбки под елку,10508
12179,Кремеры и баллоны,11092
12181,Свадебные украшения,10100
12182,Бокс и единоборства,10136
12183,Ножовка,10690
12185,Выпрямители для волос,11291
12186,Бумага,10114
12187,Люльки  и переноски,10192
12188,Емкости для брожения,11129
12189,Налогообложение,11311
12190,Наборы ключей,11344
12191,Очиститель для ПММ,11083
12192,Лонгсливы,10822
12194,Стеклоочистители,10112
12195,Кемпинговая мебель,11068
12196,Держатели для бумаг,11388
12197,Ползунки и штанишки,10095
12198,Вспениватели молока,10890
12199,Сарафаны,10558
12200,Усилители яркости цвета,11403
12201,Специнструменты для слесарных работ,10188
12202,Аксессуары для кормления,10839
12203,Аксессуары для прицепов,11423
12204,Ланчбоксы с подогревом,10079
12205,Противоугонные устройства,10865
12207,Переноски,10051
12208,Комплекты верхней одежды,11080
12209,Средства для купания,10232
12210,"Упаковочная бумага, бирки и ленты",11163
12211,Лосьоны,10723
12212,Страховочное оборудование,10072
12215,Гели и жидкости,10524
12216,Пледы и покрывала для пикника,10031
12217,Ароматические масла,10084
12218,Термозащитные коврики,11239
12219,Электропростыни,11300
12220,Чехлы и накидки на сиденья,10617
12221,Пончо,11379
12222,Батарейки,10073
12223,Наборы для вина,10922
12224,Вакуумные упаковщики,10079
12225,Крепления и сетки,11423
12226,Аксессуары для умного дома,10666
12227,Мелки и пастель,11477
12228,Косметички,10060
12230,Вешалки,10219
12231,Розетки и выключатели,10138
12232,Аккумуляторы,10733
12234,Спортивные сумки,10097
12235,Аксессуары,10233
12236,Утюги,10200
12237,Халаты,10484
12238,Чехлы для одежды,10219
12239,Магнитные доски,10561
12240,Форменная одежда,10166
12241,Валенки,11434
12242,Подарочные наборы для автомобилистов,10865
12243,Док-станции,10073
12244,Соковарки и вареньеварки,11390
12246,Терки,11215
12247,Тату-машинки и аксессуары,10185
12248,Освежители воздуха,11011
12249,Игры,10186
12250,Рубашки,11340
12251,Банный текстиль,10184
12252,Картриджи для лазерных принтеров,11041
12254,Галстуки и бабочки,10087
12255,ТВ-тюнеры и ресиверы,10908
12256,Перчатки,10100
12257,Наборы для бровей,11015
12258,Развитие ребенка,10301
12259,Мешки и сумки,11432
12260,Кормушки,11232
12261,Граверы,10630
12262,Радиоприемники,10374
12263,Циркули,10840
12264,Корма,11428
12265,Колготки,10533
12266,Пейзажи и природа,10680
12267,"Кастрюли, ковши",11390
12268,Держатели для кабелей,10073
12269,Аксессуары и запчасти для самокатов,10290
12271,Босоножки,11365
12272,Трусы,10937
12273,Электронные будильники,10227
12274,Воск,10317
12275,Жалюзи и плиссе,10262
12276,Крем для ухода за кожей,11438
12277,Накладки на задний бампер,10865
12278,Готовальни,10840
12279,Велосипедки,11264
12280,Шарфы,10102
12281,Принадлежности для барбекю,10031
12282,Футболки,11405
12283,Одеколоны,10084
12284,Автомобильные аптечки,10422
12285,Перчатки для сенсорных экранов,10398
12286,Детские подушки,10770
12287,Столовые приборы одноразовые,10282
12288,Бумага для заметок,11261
12289,Руны,10234
12290,Ножи и мультитулы,11068
12292,Плащи и тренчи,10940
12293,Юмор,10475
12294,Изделия для электромонтажа,10138
12295,Краска для обуви,11403
12296,"Журналы, газеты",10011
12297,Шапки,10210
12298,Звёздные войны,11155
12300,Наборы для опытов и экспериментов,10943
12301,Кружки,10545
12302,Обложки для документов,10033
12304,Кофеварки и кофемолки,11519
12305,Электрический теплый пол и регуляторы,10138
12306,Присадки и добавки,10196
12307,Снегоходы,10135
12308,Парикмахерские принадлежности,11239
12309,Наматрасники и чехлы для матрасов,11376
12310,Одежда для пищевой промышленности,10166
12312,Полусапоги,10273
12313,Лосьоны,10317
12314,Оптические носители и аксессуары,11087
12315,Зажимы и расчески для ресниц,11328
12317,Салфетки,10805
12318,Датчики для охранных систем,10915
12319,Полукомбинезоны,10350
12320,Муфты и кольца для платка,10045
12321,Термобелье,10260
12322,Скакалки,10997
12323,Уплотнители между сидениями,10502
12324,Оперативная память,10641
12325,Игровые комплексы,11479
12326,Скороварки,11390
12327,Игровые клавиатуры,10695
12328,Наклейки для телефонов,10398
12329,Прихватки,10805
12330,Скрабы и пилинги,11204
12331,Крепеж,10215
12335,Право,10475
12336,Мягкие игрушки,10162
12337,USB хабы,10073
12338,Формы для льда,10651
12339,Комплекты умного дома,10666
12340,Футляры и пеналы,11328
12341,Инструменты косметологические,10751
12342,Гольф,10136
12343,Домкраты,10422
12344,Инвестиции,11311
12346,Средства для розжига,10031
12347,Канцелярские ножницы и ножи,11388
12348,Влажные корма,10702
12349,Картриджи,11168
12350,Маски и сыворотки,10705
12351,Повязки,10067
12352,Ложки,10622
12353,Шиномонтажное оборудование,10188
12354,Брелоки,10177
12355,Степ платформы,10997
12356,Полусапоги,10387
12357,"Амулеты, обереги и талисманы",10234
12358,Самовары,11519
12359,Ограничители движения,10911
12360,Для газовых плит,10173
12361,8 класс,10778
12362,Крепления,10335
12363,Запчасти для кулеров,10173
12364,Туники,10558
12365,Акустические системы,10374
12367,Фиксаторы макияжа,11292
12368,Коврики на торпеду,10502
12369,"Ниппели, вентили и секретки",10230
12372,Органайзеры,10060
12373,Пиджаки и жакеты,10339
12374,"Раскраски, наборы для росписи",10114
12375,Лежаки и кровати,11317
12376,Упаковка и переезд,10110
12377,Настольные светильники,10127
12378,Расчески и гребни,10152
12379,Таймеры кухонные,11120
12381,Кабели,10073
12382,Очки виртуальной реальности,10398
12383,Фильтры для пылесосов,10911
12384,Плащи и тренчи,10956
12385,Жилеты,10940
12388,Головные устройства,10233
12389,Массажные накидки,11448
12391,Косынки,10080
12392,Прочие аксессуары,10122
12393,Подарочные издания,10011
12394,Кисти и аксессуары,11328
12395,Хайлайтеры,11292
12396,ИК-приемники,10908
12397,Соль для ПММ,11083
12398,Мультистайлеры,11291
12399,Наборы для лепки,10125
12400,Моделирование,2773
12401,Оформление интерьера,10191
12402,Заклепки,10539
12403,Спортивные полотенца,10257
12404,Знаки аварийной остановки,10422
12405,Сыворотки,10648
12407,Термокружки,10586
12408,Скворечники и гнезда,10047
12409,Тоники,10648
12410,Аксессуары для видеорегистраторов,10111
12411,Вороток,11344
12412,Наборы,10997
12413,Фильтрация воды,10161
12414,Светоотражатели,10810
12415,Боди и комбинезоны,10095
12416,Светодиодное освещение,10127
12417,Фитболы,10997
12418,Электронные книги,10030
12419,Гейнеры,10066
12420,Капсулы и таблетки,10524
12421,Современная проза,10671
12422,Часы и метеостанции,10191
12423,Детские пирамидки,10943
12424,Фитнес-питание,10066
12425,Фрезы,10747
12427,Пена для ванны,11204
12428,Майки,10822
12429,Ловушки и мелки,10384
12430,Диктофоны,10374
12431,Рации и радиостанции,10111
12432,Зажигалки,11068
12433,Ковры,11099
12434,Браслеты,10160
12435,Изготовление косметики и духов,2773
12436,Орехоколы,11215
12437,Повязки,10059
12438,Средства после загара,10626
12439,Тональные средства,11292
12440,Шитье,10213
12441,Изоляционные материалы,10865
12442,Панамы,10146
12443,Корма,10051
12444,Комбинезоны и кигуруми,10350
12445,Средства по уходу для кофемашин,10056
12446,Конверты,10717
12447,Воски и полироли,10179
12448,Микрометр,10596
12449,Шапочки,10257
12450,Выключатели зажигания,10111
12451,Комплекты украшений,10104
12452,Для свиней,10123
12453,Вольеры и будки,10068
12454,Дизайн ногтей,10113
12455,Прикормки,10376
12456,Ночные рубашки и сорочки,11116
12457,Медиаплееры,11145
12458,Доски меловые,10561
12459,Наборы автохимии,10196
12460,Аксессуары для стирки,10110
12461,Костюмы классические,10339
12462,Присыпки,10064
12464,Зонты,10024
12465,Вертикальные пылесосы,10198
12466,BB и DD кремы,11292
12468,Концентраты,10648
12469,Маркеры,10288
12471,Кормушки,10051
12472,Подушки,11419
12473,Изолента,10752
12474,Укрывные пленки,10438
12475,Чешки,11182
12476,Цепочки,10589
12477,"Подводки для глаз, контур",10968
12478,Предметы интерьера бани,10184
12479,Сумки хозяйственные,10110
12480,Электросапоги,11300
12481,Простыни,10858
12482,Халаты,11116
12483,Одеяла,10049
12484,Очки,11329
12485,Решетки и сетки радиаторов,10865
12486,Травяные,10770
12487,Измельчители,10035
12488,Детское постельное бельё,10858
12489,"Бритвы, станки и сменные кассеты",10689
12490,Игральные карты,14387
12491,Брюки и шорты,10484
12493,Футболки,11306
12494,Чистящие средства,11138
12495,Boom! Studios,11155
12496,Наборы и аксессуары для бритья,10689
12497,7 класс,10778
12498,Хлебопечки,10168
12499,Массажные столы,11448
12500,Ремни для чемоданов,10022
12501,Аксессуары для ванной и кухни,10159
12502,Балаклавы,10080
12503,Защита тела,10046
12504,Перфораторы,11209
12505,Аксессуары,10176
12506,Уход и защита,11254
12507,Гандбол,10228
12508,Заклепочник,11512
12509,Туалетная вода,10084
12510,Щетки для сухого массажа,11370
12511,Сноуборды и аксессуары,10092
12512,Повязки,10080
12513,Экономика,11311
12514,Чехлы для наушников,11157
12515,Куртки и пуховики,10875
12516,Шпильки строительные,10539
12517,"Наборы, ингредиенты для приготовления алкоголя",11129
12518,Аксессуары для бега,10241
12519,Ботинки,11189
12520,Ноутбуки,10030
12521,Основы под макияж,11292
12522,Каски,10804
12523,Рубашки,10052
12524,Скатерти и подставки под горячее,11120
12525,Музыкальные центры,10374
12526,Косметологические аппараты,11027
12527,Лакомства,10324
12528,Художественная гимнастика и танцы,10136
12529,Лейки и опрыскиватели,10058
12530,Ветровки и бомберы,13806
12532,Спортивные массажеры,10997
12533,Картины из пайеток,10204
12534,Хиджабы и тюрбаны,10045
12535,Лески и плетеные шнуры,10376
12536,Портфолио,10541
12537,Переноски,10315
12538,Шуруповерты,11209
12539,Ложки кулинарные,10890
12541,Аппараты для маникюра и педикюра,11027
12542,Модули для охранных систем,10915
12543,Считыватели,10915
12544,Оповещатели,10915
12545,Фоторамки и фотоальбомы,10191
12547,Термопоты,10103
12548,Платья,10558
12549,Кисти и аксессуары,11285
12550,Освещение для жилого помещения,10127
12551,Амуниция,10068
12552,Запчасти,10168
12553,Поло,11405
12554,Лонгсливы,11405
12555,Инструменты для кузовных работ,10188
12556,Сумки,10081
12558,Средства для ухода за ресницами,10968
12559,Экипировка для снегоходов,10135
12560,Познавательная литература,10301
12564,Защитные стекла,10502
12565,Система выпуска,10085
12566,Струбцины и тиски,11195
12567,Рубашки,10222
12568,Инжекторы питания,10908
12569,Ножницы кухонные,10890
12570,Публицистика,10475
12571,Утяжелители,10997
12572,Наборы для досок и флипчартов,10561
12573,Кипятильники,10103
12575,Изучение иностранных языков,10778
12576,Зеркала заднего вида,10502
12577,Шарфы,10203
12578,Браслеты,10082
12579,Подвески и кулоны,10589
12580,Манекены головы,11239
12581,"Миски, поилки",11511
12582,Ножеточки электрические,10079
12583,Платки,10067
12584,Юбки и шорты,10034
12585,Обогреватели,10029
12587,Чайники,10103
12588,Ситечки для заварки,11519
12589,Триммеры для волос,11333
12590,Пакеты гигиенические,10316
12591,5 класс,10778
12592,Камеры,10230
12593,Нейтрализаторы запахов,11011
12594,Штампы,10917
12595,Платки и палантины,10045
12596,Прочие приставки,11140
12598,Перчатки защитные,10804
12601,Телевизоры,10129
12602,Разветвители,10073
12603,Береты,10080
12604,Воздушные шары и аксессуары,10934
12605,Сапоги,10273
12607,Вешалки автомобильные,10502
12608,Увлажнители воздуха и аромадиффузоры,10124
12609,Чехлы для пультов ДУ,11384
12610,Слипоны,11433
12611,Джинсы,10877
12612,Кальсоны,10937
12613,Карандаши,11477
12614,Комплекты,10146
12615,Универсальные зарядные устройства,11281
12616,Оттеночные и тонирующие средства,11285
12617,Фитинги и комплектующие,10159
12618,Ремни,10139
12619,Клетки,11496
12620,Биты,10480
12621,Кантователи и держатели,10188
12622,Органайзеры для кабелей,10073
12623,Барьеры на кроватки,11309
12624,Джемперы,10404
12625,Комбинации,11116
12626,Лакомства,10702
12627,Дуги кузова,10428
12628,Для детей до 3 лет,10162
12629,Подгузники и трусики,10064
12630,Пакеты и мешочки,11163
12631,Кофейники,11519
12633,Палатки,11068
12635,Аккумуляторы,10765
12636,Лакомства,10839
12637,Сапоги,10932
12638,Пододеяльники,10858
12639,Лакомства,11428
12640,Животные и птицы,10680
12641,Конфетти и серпантин,10934
12642,Пудры,11292
12643,Тесто для лепки,10125
12644,Дозиметры,10283
12645,Парео,10045
12646,Подставки для зубочисток,10390
12647,Крепления,10765
12648,Парфюмерная вода,10084
12649,Бумага для выпечки,11092
12650,Дрессировка собак,11516
12651,"Энциклопедии, справочники",10475
12652,Петарды и хлопушки,10749
12653,Скандинавская ходьба,10097
12654,Стеклодомкрат,11195
12655,Запчасти и аксессуары ,10200
12656,Декантеры,10922
12657,Комплекты белья,11351
12658,Сарафаны,10597
12660,Шпильки и невидимки,10107
12661,Футболки и майки,10445
12663,Стикеры,11261
12664,Стилусы для телефонов,10398
12665,Чехлы и кейсы,10765
12666,Детская декоративная косметика,10232
12667,Банки и крышки,10992
12668,"Электросамокаты, электровелосипеды ",10290
12669,Копилки,10191
12670,Досуг и творчество детей,10301
12673,Усилители для сабвуфера,10374
12674,Полотенца кухонные,10805
12675,Наборы для фондю,11390
12676,Средства до и после бритья,10689
12677,Электронные ключи и пульты,10915
12678,Этикет-пистолеты,10343
12679,Флюс,11361
12680,Фен строительный,11361
12681,Манишки,10067
12684,Роботы-пылесосы,10198
12685,Надувные мячи,10584
12686,Розетки и креманки,10289
12688,Моторные масла,10196
12690,Смартфоны,10044
12691,Отвертка,10690
12692,"Самокаты, беговелы",10290
12693,Модемы и мосты,11350
12694,Варежки,10126
12696,Планшеты,10030
12697,Молотки для мяса,10890
12698,Ремни и резинки,11423
12699,Кольца и перстни,10177
12700,Сумки для ноутбуков,10060
12701,Оригами,2773
12702,"Рюкзаки, слинги, сумки-кенгуру",10192
12703,Hi-Res плееры,10374
12705,Настольные плиты,10028
12708,Семена,10057
12710,Зонты,10026
12711,Очки,10024
12712,Коврики для детской,11099
12713,Аксессуары,10262
12714,Батончики,10066
12715,Эхолоты,10376
12716,Аквафитнес,10133
12717,Нагрудники и слюнявчики,10083
12718,Запарки и ароматизаторы,10184
12719,Глютамины,10924
12720,Влагозащитная одежда,10166
12721,Игровые наушники,11157
12722,Спиннинги,10376
12723,Лаки и Краски,10078
12724,Энергетики и изотоники,10066
12725,Домашние платья и сорочки,10484
12726,Китайские фонарики,10934
12727,Замки для чемоданов,10022
12730,Праздничный декор,10934
12731,Органайзеры и разделители,10219
12732,Мойки,11239
12733,Олимпийки,11304
12734,Зубило слесарное,10690
12735,Автомагнитолы,10233
12736,Карандаши для губ,10696
12737,Бумага копировальная,11261
12738,Cаморазвитие,10475
12739,Мини-печи,10168
12740,Гели и муссы,10918
12741,"Тряпки, салфетки и губки",10559
12743,"Награды, кубки, ленты",10118
12744,Шторы кисея,10262
12745,Шармы,10214
12746,Лестницы,10110
12747,Подложки и решетки,11092
12748,Пеленки и клеенки для малышей,10064
12749,Для холодильников,10173
12750,Ведра и кадки,10184
12751,Резинки,10152
12752,Прочее,10810
12753,Запонки,10177
12754,Буксировочные тросы,10422
12755,Ремешки,10141
12756,Защита и экипировка,10290
12757,Орешницы,10032
12758,Провода и кабели,10138
12759,Дождевые козырьки,10950
12760,Кухонные комбайны,10028
12761,Бальзамы и кондиционеры,10705
12763,Пастель,10288
12764,Для варочных панелей,10173
12765,Краскопульт и аэрография,10040
12766,Автосигнализации,10111
12768,Кардиганы,11379
12769,Насосы для шариков,10934
12771,Подставки для чайных пакетиков,11519
12772,Датчики,10029
12773,Осветители и вспышки,10398
12774,Куртки и пуховики,11080
12775,Подвязки и пояса для чулок,11351
12776,Комбинезоны утепленные,10418
12777,Детская косметика,10216
12779,Индустрии,11311
12781,Аккумуляторы,10398
12782,Медицинболы,10870
12783,Болеро,11379
12784,Стиральный порошок,10524
12785,Настольный теннис,10340
12788,Крышки для посуды,11390
12789,Кепки и бейсболки,10154
12790,Устройства для хранения паролей,11087
12791,Кухонные мойки,10159
12792,Постельное белье,11419
12794,Оплетки и ручки на руль,10502
12796,Подвеска,10085
12797,Ароматизаторы кухонные,11120
12799,Адаптеры для индукционных плит,11120
12800,Бумажные полотенца,10916
12801,Восковая эпиляция,10823
12802,Картриджи для фото,11254
12803,"Домофоны, звонки и системы безопасности",10138
12804,Наборы,11464
12807,Вибромассажеры,11084
12808,Сабо,10659
12809,Платки,10102
12810,Подставки для мисок,11232
12811,Зеркала,10191
12812,Септики и грунтовки,10078
12813,Броши,10104
12815,Сланцы,11018
12818,Запчасти,10900
12819,Футляры и чехлы для очков,10212
12820,Печати канцелярские,10917
12821,Миксеры,11209
12822,Пирсинг,10214
12823,Уход за одеждой и обувью,10110
12824,Средства до и после депиляции,10823
12825,Запчасти,2611
12826,Паровые швабры,10112
12827,Автомобильные антенны,10233
12828,Бенгальские огни,10749
12829,Духи,10084
12830,Смазки,10196
12831,Подтяжки,10139
12832,Спортивная стрельба,10469
12833,Уход за водоемом,10385
12834,Пижамы,11116
12835,Электродвигатели,10111
12836,Пиджаки,11427
12837,Бортики для кроватки,11419
12838,Автомобильные компрессоры,10215
12839,Диагностическое оборудование,10188
12840,Сланцы,11231
12841,Формы для леденцов и конфет,10651
12842,Аксессуары для ванной,10110
12843,Зарядные устройства,10765
12844,Крышки для объектива,10765
12845,Гитары и аксессуары,10090
12846,Фитнес-резинки,10997
12847,Кернер,10690
12848,Кормушки,11511
12849,Наборы садовых инструментов,10055
12850,Шлемы и маски,10046
12851,Фотофоны,11254
12852,Розетки и разветвители прикуривателя,10111
12853,"Ужасы, триллеры",10671
12854,Экипировка,10900
12855,Щетки для чистки гриля,10031
12856,Надувные матрасы,10257
12857,Радионяня,11309
12859,Грифы,10870
12860,Домашняя обувь,10096
12861,Шурупы и саморезы,10539
12862,Кроссовки,11433
12863,Стаканы,10545
12864,Банданы,10146
12865,Термобелье,11351
12866,Лестницы,10737
12867,Пластыри и Вкладыши для груди,11287
12868,Бумага для печати,11261
12869,Безмены и весы,10110
12870,Термальная вода и спреи,10648
12871,Установка автозвука,10233
12872,Экипировка для мотоциклистов,10135
12873,Припой,11361
12874,Кардиганы,10634
12876,Болстеры,11464
12877,Кофемашины,10056
12878,Детекторы,10283
12879,Инкубаторы для яиц,10123
12882,Лосьоны и молочко,10918
12883,Изготовление игрушек,10213
12884,Бирдекели,11097
12885,Молоток,10542
12886,Верстак,10690
12887,Ролики для теста,11092
12888,Палетки для контуринга,11292
12889,Жилеты,11427
12890,Специальные масла,10196
12891,Бланки,11261
12893,Балаклавы,10154
12894,Пылесосы,10198
12895,Лаки,10113
12896,Пуховики,10956
12897,Купалки и песок,10047
12898,Прочее,10131
12899,Защита для часов и фитнес браслетов,10141
12901,Олимпийки,10739
12902,Подставки для ёлки,10508
12903,3 класс,10778
12904,Клавишные инструменты,10090
12906,Песочницы для лепки,10125
12907,Зажимы кухонные,11120
12908,Инструменты для рукоделия,10213
12909,Носки и подследники,11017
12910,Майки,11306
12912,Проекторы для авто,10111
12913,"Футболки, рубашки и распашонки",10095
12914,Свечи и подсвечники,10191
12915,Отопитель и кондиционирование,10085
12917,Органайзеры,11328
12918,Манга,11155
12919,Рассеиватели и световые кольца,11254
12920,Гели для душа,10447
12921,BCAA,10924
12922,Штангенциркуль,10596
12923,Термопленки,11168
12924,Папки для диплома,10541
12925,Наушники шумоподавляющие и беруши,10804
12926,Эпиляторы и аксессуары,10094
12927,Классные журналы,14369
12928,Сценическое оборудование и свет,11495
12930,Кастрюли-пароварки,11390
12931,Инженерные калькуляторы,10437
12932,Геометрические наборы,10840
12933,Фантастика,10671
12934,Мини-теплички,10041
12935,Лопаты,11420
12936,Сырорезки,11215
12937,Специальные препараты,10066
12938,Бизиборды,10943
12940,ОГЭ (ГИА),10778
12943,Топперы для торта,10934
12944,Ремни безопасности,10502
12945,Комплектующие для алкогольного оборудования,11129
12946,Прочие тренажеры,10157
12947,Шины,10230
12948,Кепки и бейсболки,10146
12950,Подставки для зонтов,10219
12951,Ленточные шлифмашины,10630
12952,Беспроводные зарядные устройства,10073
12953,Воротники,10589
12954,Ароматизаторы,11011
12955,Аксессуары для бассейнов,10201
12956,Шторы и портьеры,10262
12957,Подводная охота,10133
12958,Носовые платки,10102
12959,Костюмы классические,10516
12960,Сменные блоки для визитниц,10270
12961,Веники для бань,10184
12962,Лото,10171
12963,Тарелки,10168
12964,Аккумуляторные батарейки,10073
12965,Защита,11026
12966,Жидкости для быстрого запуска,10196
12967,Комплекты для кухни,10805
12968,Глиттеры,11292
12969,Балдахины и москитные сетки,11419
12970,Сварочный аппарат,10040
12971,Совки для сыпучих продуктов,10992
12972,Средства для интимной гигиены,11287
12974,Манишки,10203
12975,Искусственный снег,10508
12976,Валенки,11069
12977,Видеокарты и карты видеозахвата,10641
12978,Зонты,10023
12979,Дистилляторы,10079
12980,Беспроводные наушники,11157
12981,Коврики на стол,11388
12982,Кремы для лица,10447
12983,Велосипеды,10900
12984,Солнцезащитные очки,10134
12985,Ценники,10343
12986,Товары для грудного вскармливания,10083
12987,Формы для яичницы,10651
12988,Запчасти,10035
12989,Усилители для авто,10233
12990,Дерби,10523
12991,Пирсинг,10104
12992,Толстовки и свитшоты,10319
12993,Мольберты,10114
12994,Для посудомоечных машин,10173
12995,Nintendo,11140
12996,Пены - очистители,11403
12998,Халаты,11086
12999,Обрезка деревьев и кустарников,10158
13000,Муляжи камер видеонаблюдения,10950
13001,Эссенции,10648
13002,Топливная система,10085
13004,Ванночки и лейки,10206
13005,Гидромассажеры,11084
13006,Берцы,11132
13007,Громкоговорители,10374
13008,Бета-аланины,10924
13009,Шампуни и кондиционеры,10723
13010,Папки-планшеты,10541
13011,Семена грибов,10057
13012,Ластики,11477
13013,SUP-серфинг,10133
13014,Манишки,10045
13015,Накладки и крышки на углы и розетки,11309
13016,Пеленки и подгузники для взрослых,11287
13017,Комплексы аминокислот,10924
13019,Верхняя одежда,10095
13020,Разбавители лаков,10113
13021,Базы и топы,10113
13022,Конный спорт,10136
13023,Кеды,10550
13024,Юбки,11264
13025,Умный дом,10138
13026,Насадки для граверов,10747
13027,Заварочные чайники,11519
13028,Алмазные мозаики,10207
13029,Дубленки и шубы,11080
13030,Переливные сифоны,11129
13031,Пасты и помады,10317
13032,Влажные салфетки по уходу,10316
13033,Другое,10680
13034,Воки,11390
13035,Аксессуары,10205
13040,Медицинская одежда,10166
13042,Инструменты для пирсинга,10185
13043,Ретро-приставки,11140
13044,Картофелечистки и рыбочистки,10079
13045,Тренировочные комплексы,10066
13046,Эмульсии и эликсиры,10918
13047,Для стиральных машин,11012
13048,Террариумы и аксессуары,10051
13049,"Карандаши для глаз, контур",10968
13050,Торкс ключи,11344
13051,Стабилизаторы,10398
13052,GPS-трекеры и GPS-маяки,10176
13054,Стрижка травы и уход за территорией,10158
13055,Приключения,10671
13056,Ароматизаторы автомобильные,10179
13057,"Шахматы, шашки, нарды",10171
13058,Гольфы и гетры,10416
13059,Эликсиры для лица,10648
13060,"Зарядные базы, переходники",10911
13061,Серьги,10104
13063,Наборы косметические мужские,10163
13064,Реноваторы,11256
13065,Шляпы,10080
13066,Запчасти для смартфонов,10398
13067,Циркулярные пилы,11256
13068,Юбки,10879
13069,Комплекты,10500
13070,Игрушки,10068
13071,Тормозная система,10085
13072,Сетевые фильтры,10073
13073,Системы охлаждения для компьютеров,10641
13074,Автомобильные мониторы,10111
13075,Груминг,10068
13076,Клавиатуры,10526
13077,Теплицы и каркасы,10041
13078,Гели и пены,10689
13079,Для электрических плит,10173
13080,Спирали и пластины,10384
13081,Трудовые книжки,10717
13082,Щетки для лап,10748
13083,Портативная акустика,10374
13084,Самовары,10103
13085,Пряжки,10139
13087,Радио-будильники,10227
13088,Кальсоны,10867
13089,Информационное оборудование,10343
13090,Картриджи,10185
13091,Лечебные и уходовые средства,10113
13092,Колеса,11464
13094,Колготки,11017
13095,Штативы,11254
13096,"Флюиды, эликсиры, эссенции",11245
13097,Коньки и аксессуары,10092
13098,Ветровки и бомберы,10940
13099,Замки,11423
13100,Зарядные устройства для ноутбуков,10487
13101,Дневники личные,10717
13102,Очки спортивные,10046
13103,Платья свадебные,10597
13104,Формы для пельменей,10651
13105,Сандалии,10528
13106,Накладки на пороги,10865
13108,Мыло туалетное,11468
13109,Аксессуары,10228
13110,Создание гобеленов,10775
13111,Пила ручная,10690
13112,Для откачивания из резервуаров,10161
13113,Фотошторы,10262
13114,Краски для бровей и ресниц,11015
13115,Цепи и ленты антипробуксовочные,10230
13116,Шампуни,10826
13118,Наборы,10480
13119,Личные финансы,11311
13120,Грабли,10385
13121,Сандалии,11365
13123,Монетницы,10143
13124,Романы,10671
13125,Обложки для переплета,10541
13126,Классическая проза,10671
13127,Глина,10317
13128,Защита редуктора,10428
13129,Погодные станции,10029
13130,Кондиционеры и ополаскиватели,10524
13132,Черенки и ручки,11432
13133,Тетради,10717
13134,Пневмоинструмент,10040
13135,Соусники,10289
13136,Воздуховоды и комплектующие,10120
13137,Резиновые сапоги,11088
13138,Солнцезащитные и статические пленки,10262
13139,Кремы,11245
13140,Измерение длин и углов наклона,10283
13141,Паста-машины,10208
13142,Полуботинки,11133
13143,Носки и подследники,10533
13144,Миски,10068
13145,Массажные масла,10918
13146,Наушники меховые,10154
13147,Детские зубные щетки и прорезыватели,10064
13148,Аксессуары,10090
13149,Косы и серпы,10385
13150,Закаточные машинки,11505
13151,Визитницы и кредитницы,10033
13152,Люди,10680
13153,Защитные пленки,10646
13155,Масла,10918
13156,Снаряжение и хранение для охоты и оружия,10469
13157,Куртки,10940
13158,Амуниция,11516
13159,Разветвители электрические,10073
13161,Планинги,10717
13162,Мочалки,11370
13163,Наборы для плавания,10257
13164,Подушки и матрасы,10502
13165,Кошельки,10033
13166,Балаклавы,10146
13167,Игровые картриджи,10646
13168,Анкерные болты,10539
13169,Кожаные куртки,13806
13170,Рейлинг,10390
13171,Брюки,10881
13172,Шорты,10879
13173,6 класс,10778
13174,Детские матрасы,11419
13176,Для кофемашин и чайников,11012
13178,Вышивание,10213
13179,Бусы,10589
13180,Мармиты,11390
13181,"Красота, здоровье и спорт",10475
13182,Салюты,10749
13183,Пароочистители,10112
13184,Жилеты,10404
13185,Гели,10317
13186,Блендеры,10035
13187,Мыши,10526
13188,Наборы,11092
13189,Прочие элементы тюнинга,10865
13190,Гадальные карты,10234
13191,Ирригаторы,11454
13192,"Пемза, терки",10355
13194,УШМ (болгарки),11256
13196,Тату-наборы,10185
13198,Колонки для авто,10233
13199,Лопатки кулинарные,10890
13200,Фотозонты,11254
13201,Флаконы дорожные,11449
13202,Клей,11388
13203,Маски,10476
13204,Теннис,10258
13205,Комплекты,11116
13206,Амуниция,10053
13207,Подушки и наволочки декоративные,10770
13208,Гидрозатворы,11129
13209,Комплекты и костюмы,10034
13210,Нижнее белье,10095
13212,Экшн-камеры,11268
13214,Бейджи и аксессуары,11388
13215,Римские и рулонные шторы,10262
13216,Настольные игры,10171
13217,Саундбары,10374
13218,Электрошашлычницы,10168
13219,Хранение инвентаря,10188
13220,Леггинсы и лосины,10663
13223,Шпульки,10121
13224,Окуляры,10150
13225,"Кайтсерфинг, Виндсерфинг, Вейкбординг, Каякинг",10133
13226,Аксессуары для автоинструмента,10215
13227,Спецодежда рабочая,10166
13228,Штопоры,10922
13229,Для коз и овец,10123
13230,Зажигалки кухонные,11120
13231,Ламинирование,11285
13232,Средства очистки,10200
13233,Уход за зубными протезами,11454
13234,Полки и скамьи,10184
13235,Аудио конвертеры,10571
13237,Сотейники,11390
13238,Процессоры,10641
13240,Лосьоны,11245
13241,Пуховики,10940
13242,Литература для подростков,10671
13243,Крышки для СВЧ,10168
13244,Для лошадей,10123
13245,Пластины крепежные,10539
13246,Мешки для мокрых вещей,10257
13248,Мини-тренажеры,10157
13249,Вафельницы,10032
13250,Круги для плавания,10584
13251,Разбавители,10868
13252,Карманные калькуляторы,10437
13253,Носки и подследники,10313
13254,Принадлежности для мытья посуды,10390
13255,Консоли в авто,10502
13256,Стиратели для доски,10561
13257,Органайзеры,10081
13258,Наборы одноразовой посуды,10282
13259,Материнские платы,10641
13260,Перчатки хозяйственные,10559
13261,Лестницы и стремянки,10072
13263,Домашняя обувь,10151
13264,Научно-популярная литература,10475
13265,Микроволновые печи,10168
13268,Ключницы,10143
13269,Пенка для умывания,10751
13270,Комплектующие элементы,11361
13271,Фрукто-овощечистки,10890
13272,Пневмоинструменты для авто,10188
13273,Комбинезоны и кигуруми,11466
13274,Повязки,10154
13275,Сланцы,10912
13277,Свадебные товары,10118
13278,Зонты от солнца,10106
13279,Тубусы для чертежей,10840
13280,"Решетки и аксессуары для мангала, коптильни",10031
13281,Праймеры для век,10968
13282,"Фильтры, насосы и хлоргенераторы",10201
13283,Игрушечный транспорт,10162
13284,Спортивные бутылки,10997
13285,Отпариватели,10200
13286,Хна,11285
13287,Автомобильная громкая связь,10111
13288,Прочие измерительные инструменты,10596
13289,Топы,11306
13290,Менструальные чаши,11287
13291,Флипчарты,10561
13292,Сухие корма,10839
13293,Радиоуправляемые модели и игрушки,10162
13294,Автокресла,10192
13296,Футболки и лонгсливы,11086
13297,Пакеты и мешочки многоразовые,10992
13299,Микрофоны,10374
13302,Аксессуары для коктейлей,11097
13303,Валенки,11299
13304,Детские фотоаппараты,11268
13306,Моноподы для селфи,10765
13307,CD проигрыватели и плееры,10374
13308,Краски штемпельные,10917
13309,Чехлы для автомобильных брелков,10810
13310,KVM-консоли и кабели,11350
13311,Записные книжки,10717
13312,Брелоки,10082
13313,Окислители,11285
13314,Шредеры,11266
13315,Аэраторы для вина,10922
13316,Костюмы классические,10621
13318,Психология,10475
13320,"Кусторезы, сучкорезы, секаторы",11003
13321,Машинки для стрижки,10748
13322,Сковороды,11390
13324,Комплекты,10516
13325,Устройства измерения крепости,11129
13326,Куклы и аксессуары,10162
13327,Чулки,10533
13328,Фотобутафория,10934
13329,Очистители воздуха,10124
13330,Вязание,10213
13331,Садовые ножи и ножницы,11003
13333,Подтяжки,10193
13334,Косметички,10081
13335,Спальные мешки и пеленки,10095
13336,Наборы для создания слайма,10125
13337,Напальчники и накладки,10646
13338,Ковры для кухни,11099
13339,"Грили, барбекю и коптильни",10031
13340,Фата,10100
13341,Навыки,11311
13342,Футболки и лонгсливы,10034
13343,Пояса,10164
13344,Гели для душа,11204
13346,Свитеры,10634
13347,Image Studios,11155
13348,Носовые платки,10059
13349,Такелаж,10539
13350,Подставки для ноутбуков,10487
13351,Зубные порошки,11454
13352,Толстовки и свитшоты,11304
13353,Уголь,10288
13354,Ванночки и горки,10216
13355,Динамометрические ключи,11344
13356,Для полива участка,10161
13358,Комплекты постельного белья,10858
13359,Водные аттракционы,10133
13360,Минеральные камни,11428
13361,Сальники,10085
13362,Коннекторы,10073
13363,Одежда,10241
13364,Картриджи для струйных принтеров,11041
13365,Украшения на шею,10214
13366,Карты Таро,10234
13367,Гравюры,2773
13368,Органайзеры в кроватку,11419
13369,Сандалии,10659
13370,Города и архитектура,10680
13371,Скатерти,10805
13372,Биты,10747
13373,Изготовление свечей,2773
13374,Зубные пасты и гели,11454
13375,Защита переднего бампера,10428
13376,Стилусы,10487
13377,Комбинезоны повседневные,10418
13378,Точки доступа,11350
13379,Химическая завивка,11285
13380,Рулевое управление,10085
13381,Умные часы,10141
13382,Защита картера и КПП,10428
13383,Банданы,10154
13384,Водолазки,11379
13385,Блоки питания для авто,10111
13386,Пленки для ламинирования,10541
13387,Напильник,10690
13388,Косынки,10154
13389,Графические планшеты и аксессуары,10526
13390,Брюки и шорты,11116
13391,Упоры для отжиманий,10870
13392,Смесители,10159
13393,"Ободки, повязки и диадемы",10107
13394,Инструменты,10125
13395,Грелки для чайников,11120
13396,Косынки,10146
13397,Для стиральных машин,10173
13398,Очистители для языка,11454
13400,Термокружки и подстаканники,10865
13401,Мобильные кондиционеры,10195
13402,Закладки,10717
13403,Колье и ожерелья,10589
13404,Мадлеры,11097
13405,Угольник,10596
13406,Комбинезоны и брюки утепленные,11080
13407,Открытки,11163
13408,Защитные стекла и пленки,10398
13409,Термобелье,10937
13414,Тарелки одноразовые,10282
13415,Жилеты,11379
13416,Бейсболки,10210
13417,Клетки и ограждения,10053
13418,Французский язык,11469
13419,Ножницы,10355
13420,Футболки и лонгсливы,10484
13421,Телескопы,10150
13423,Гольфы и гетры,10313
13424,Боди и корсеты,11351
13425,Умные колонки,10374
13427,Фартуки кухонные,10805
13428,Аксессуары,10124
13429,"Краски, пигменты",10114
13430,Средства для кухни,11341
13431,Презервативы,10797
13432,Подлокотники,10502
13433,Подставки и крепления для растений,10058
13434,Чехлы для обуви,10219
13437,L-карнитины,10924
13438,Берцы,10246
13439,Кардиганы,10806
13440,Вентиляторы и увлажнители воздуха,10111
13441,Ковры автомобильные,10502
13442,Средства для ухода за губами,10696
13443,Шлейки,11034
13444,Оптика для охоты и стрельбы,10469
13445,Сигнальная одежда,10166
13446,Поло,11306
13447,Форма для охранников,10166
13448,Турбощетки,10911
13449,Крючки,10376
13450,Канистры для бензина,10422
13451,Костюмы и комплекты,10095
13452,Электроточила,10630
13453,Френч-прессы,11519
13454,Пленка самоклеящаяся,11261
13455,Бодибары,10997
13456,Овощерезки,10035
13457,Разводные ключи,11344
13458,Измерение параметров тока,10283
13459,Буры,10747
13460,Зарядные устройства,10733
13461,Упоры для отжиманий,10997
13462,Худи,10268
13463,Спортивная атрибутика,10228
13464,Туфли,10523
13466,Браслеты,10214
13469,"Казаны, жаровни и тажины",11390
13470,Спальные мешки,11068
13471,Панамки,10154
13472,Ниблеры,10083
13473,Культура бизнеса,11311
13474,Предметы сервировки,10289
13475,Защита топливной системы,10428
13476,Антигравий,10179
13477,Блеск,10317
13478,Слаймы,10162
13479,Пивоварение,11129
13480,11 класс,10778
13481,Средства для снятия цвета,11285
13482,Кулинарные книги,10475
13483,Оконная фурнитура,10645
13484,Средства для очищения косметических принадлежностей,11328
13485,Веревка для выпечки,11092
13486,Ремни,10164
13487,Шестигранные ключи,11344
13488,Фотоаппараты мгновенной печати,11268
13489,Туалетная бумага,10916
13490,Светофильтры,10765
13492,Для повышения давления,10161
13493,Соковыжималки,11215
13495,Гирлянды,10508
13496,Полусапоги,11088
13497,Соль и камни для бани,10184
13498,Суппорты,10241
13500,Портупеи,10164
13501,Пляжные сумки,10060
13502,Вспениватели молока,10056
13503,Мыло,10723
13504,Комплекты,10621
13506,Спутниковые конвертеры и приемники,10908
13507,Поясные сумки,10081
13508,DSL модемы и трансиверы,11350
13509,Свечи для торта,10934
13510,3D-принтеры,11266
13511,Свитеры,11379
13512,Бумага для флипчарта,11261
13513,Автозагар,10626
13514,Подкрылки и расширители колесных арок,10865
13515,Нижнее белье,10034
13516,Сабельные пилы,11256
13518,Уголь,10031
13519,Дверная фурнитура,10645
13520,Корпуса,10641
13521,Аксессуары для микроскопов,10150
13523,Мойки высокого давления и комплектующие,10158
13525,Другие массажеры,11084
13526,GPS-навигаторы,10111
13527,Обложки для документов,10143
13528,Кошельки,10143
13529,Диспенсеры для напитков,11097
13530,Корректоры и консилеры,11292
13531,Шторки солнцезащитные,10502
13532,Комбинезоны и брюки утепленные,10875
13533,Пледы,10483
13534,Карнавальные товары,10118
13535,Средства для солярия,10626
13536,Аксессуары и расходники для ручек,11477
13537,"Носки, пинетки",10095
13538,Сеялки для семян,10664
13539,Образовательные программы,10778
13540,Вакуумные насосы,10992
13541,Игровые комплексы и детские площадки,10217
13542,Атомайзеры,10084
13543,Маски для плавания,10257
13544,Разделители и стеллажи,10343
13545,Вакуумные пакеты и запайщики,10219
13546,Шарфы,10067
13547,Веники и метлы,10559
13549,Чехлы для игровых приставок,10646
13550,Аксессуары для гироскутеров,10290
13551,Супницы и бульонницы,10377
13552,Наращивание и ламинирование ресниц,10968
13553,Пепельницы автомобильные,10502
13554,Формы для выпечки,11092
13555,Плододержатели,11215
13556,Шейкеры,10066
13557,Радар-детекторы,10111
13558,Магические аксессуары и материалы,10234
13559,Подушки для беременных,10770
13560,Удаление краски с кожи,11285
13561,Трансмиссионные масла,10196
13562,Подставки для яиц,10289
13563,Мультиварки,10122
13564,Джемперы,10634
13565,Сыворотки,11245
13566,Дайвинг,10133
13567,Витамины и минералы,10066
13568,Ритуальные товары,10191
13569,Инструменты для удаления затирки,10438
13570,Велосипедки,10879
13571,Стикеры,10008
13572,Малярные ленты,10438
13573,Галстуки,10140
13574,Фотообои,14385
13575,Помпы для воды,10130
13576,Жидкое мыло,11468
13577,Перчатки садовые,11432
13578,Шлепанцы,11508
13579,Балаклавы,10210
13581,Вилки,10622
13582,Настольные калькуляторы,10437
13585,Промывочные масла,10196
13586,Протеины,10066
13587,Защита радиатора,10428
13588,Наборы посуды для приготовления,11390
13589,Аксессуары для спецодежды,10166
13590,Наборы автоинструментов,10215
13591,Вентиляционные решетки и ревизионные люки,10120
13592,Мотохимия,10135
13593,Концентраты и бальзамы,10918
13594,Трусы,10260
13595,Прокладки и тампоны,11287
13596,Средства для смягчения воды,11012
13597,Универсальные чистящие средства,11341
13598,Пеленки и подгузники,10206
13599,Чехлы и утеплители,10179
13600,Пропитки воздушных фильтров,10196
13601,Пылесборники,10911
13603,Масла,10648
13604,Наборы средств для лица,10163
13605,Парфюмированный набор,10163
13606,Промывки и очистители,10196
13607,Брюки и шорты,10445
13608,Коврики в холодильник,10992
13610,Беспроводные пылесосы,10198
13611,Жилеты,10785
13612,Двигатели,10911
13613,Прессы для чеснока,11215
13614,Брелоки,10104
13615,Стаканы и чашки одноразовые,10282
13616,Бюстгальтеры,11351
13617,Одежда,11395
13618,Массажные подушки,11448
13619,Перчатки,10108
13620,Компрессионный трикотаж,10639
13625,Учебная литература,10825
13626,Чехлы-аккумуляторы,11281
13627,Парогенераторы,10200
13629,Коврики,11464
13630,Запчасти для ТО,10085
13631,Шляпы,10146
13632,Бриджи и капри,10877
13633,Коврики и наколенники для садовых работ,11432
13634,Эспадрильи,11009
13635,Утяжелители,10870
13636,Кувалда,10542
13638,Наборы насадок,11333
13639,Игрушки,10053
13640,Футляры и чехлы для очков,10134
13641,Сувенирное мыло,11468
13642,Фонари,11068
13645,Электрооборудование,10085
13646,Гвозди,10539
13647,Наборы для создания фоторамок,10204
13648,Лосины и легинсы,11025
13649,Браслеты,10177
13650,Миски,10053
13651,Материалы для рукоделия,10213
13652,Очки,10026
13653,Биографии и истории успеха,11311
13654,Товары для самообороны,10046
13655,Шайбы и гайки,10539
13656,"Автоматические выключатели, УЗО, дифференциальные автоматы",10138
13657,Поэзия,10671
13658,Компьютерная акустика,10374
13659,Когтеточки,11479
13660,Кухонные весы,10079
13661,Чехлы для мебели,11376
13662,Влагомер,10283
13663,Провода прикуривания,10153
13664,Бумага для черчения и рисования,11261
13665,Туфли,10151
13666,Трубки для плавания,10257
13667,Сумки-тележки,10110
13668,FM-трансмиттеры,10233
13669,Нумераторы,10917
13670,Кинезиотейпы,10241
13671,Маркеры,11477
13672,Наборы для рисования,10114
13673,"Кепки, бейсболки и кепи",10080
13674,Контейнеры и ланч-боксы,10992
13675,Товары для наращённых волос,10317
13676,Цепочки,10177
13677,Полировальные машины,10630
13678,Ботинки,11132
13679,Комбинезоны и кигуруми,10484
13680,Фритюрницы,10208
13682,Кроссовки,10550
13683,Бинты и бандажи,10061
13684,Платья вечерние,10597
13685,Чашки и блюдца,10545
13686,Электрогрили,10168
13687,Футбол,10228
13688,Наборы для скульпторов,2879
13689,Алкотестеры,10111
13690,Дефлекторы окон и зеркал,10865
13692,Игрушки,11128
13693,Наборы посуды для суши,10289
13694,Блески и тинты,10696
13695,Гидравлические жидкости и масла,10196
13697,Аксессуары для перевозки,10617
13698,Канцелярские мелочи,11388
13699,Носовые платки,10203
13700,Брюки,11025
13701,Полуботинки,10246
13702,Антибактериальные средства,2666
13703,Оборудование для парковки,10188
13704,Пальто,10956
13705,Льдогенераторы и охладители бутылок,10079
13706,CC кремы,11292
13707,Баки для белья,10219
13708,Соль для ванны,11204
13709,Стульчики для кормления,10083
13710,Disney,11155
13711,Удлинители и пилоты,10138
13712,Швабры,10559
13714,Пижамы,10484
13715,Веб-камеры,10526
13716,Настольные вентиляторы,10156
13719,Фены,10748
13720,Спреи и уничтожители запаха,10206
13722,Сабвуферы,10374
13723,Чешки,10599
13724,3D очки,11384
13725,Полотенца,11464
13726,Жакеты,10785
13727,Подушки для сна,10770
13728,Пудра для умывания,10751
13729,Портмоне,10033
13730,Уголки и держатели,10539
13731,Пароварки,10122
13733,Проводные телефоны,10044
13734,Замена жидкостей автомобиля,10188
13735,Прочее,10040
13736,Броши,10214
13737,Хранение игрушек,10162
13738,Детское молочко,10232
13739,Антенны для сетевого оборудования,11350
13740,GABA,10924
13741,Чистящие средства для автомобиля,10179
13742,Кеды,11009
13743,4 класс,10778
13744,Дубленки и шубы,10956
13745,Брюки,10663
13746,Календари,10011
13747,Система питания,10085
13748,Кулинарные термометры,10079
13749,Аксессуары и атрибутика для гаданий,10234
13751,Искусство и культура,10475
13752,Варежки,10117
13753,Мыло косметическое,11468
13754,Защитные панели для ЖК-дисплеев,10765
13755,"Таблички, номера и крючки",10191
13756,Вода для расчесывания,10317
13757,Комиксы на английском языке,11155
13758,Электрооткрывалки,10079
13760,Канальные вентиляторы,10120
13761,Тепловизоры и температурные сканеры,10283
13762,Эзотерика и спиритизм,10475
13763,"Вилы, кирки, культиваторы",11420
13764,Шпатели,10438
13765,Оборудование для приготовления алкоголя,11129
13766,Носовые платки,10045
13768,Хозяйственное мыло,11468
13769,Кухонные вытяжки,10027
13770,Прочие кухонные инструменты,10890
13771,Рюкзаки и сумки,11068
13772,Привод навесного оборудования,10085
13773,Пробковые доски,10561
13774,Горные лыжи и аксессуары,10092
13775,Комплекты,10867
13776,Ручные измельчители,11215
13777,Мокасины,10292
13778,Нехудожественная литература,10825
13779,Принтеры,11266
13781,"Масленки, сырницы и лимонницы",10289
13782,Компрессионные повязки и рукава,10046
13783,Груминг,10053
13786,Карты памяти и флешки,11087
13787,Наборы столового белья,10805
13788,Запчасти,10646
13789,Терки строительные,10438
13790,Гели,10723
13791,Автовизитки,10810
13792,Лопаты для уборки снега,10036
13793,Детские расчески и щетки,10232
13794,Кольца,11464
13795,"Мешки, шприцы и насадки",11092
13796,Нож строительный,11512
13797,Трубные ключи,11344
13798,Сахарницы и молочники,10289
13799,Полотенца,10049
13800,Стерилизаторы,10025
13801,Стеклорезы,10690
13802,Звуковые карты,10641
13803,Толстовки и свитшоты,10739
13804,Фаркопы,10865
13805,Карманные платки,10140
13806,Куртки,10956
13808,Гель для умывания,10751
13809,DC,11155
13810,Плоскогубцы,11195
13812,Солнцезащитные средства,10626
13813,Винты и болты,10539
13814,Усилители беспроводного сигнала,11350
13816,Патчи,10137
13817,Для волос,10169
13818,Зажимы для купюр,10143
13819,Скамейки,10106
13820,Металлоискатели,11068
13821,Домашняя обувь,10148
13822,Украшения для тела,10104
13823,Водолазки,10634
13824,Краски,11285
13825,Ручки,11477
13826,Матрасы и лежаки,10068
13827,Рюкзаки и ранцы,10223
13828,Автомобильные навигаторы,10176
13829,Подавители сигнала GPS,10111
13831,Гольфы и гетры,11017
13832,Детский транспорт,10217
13833,"Мишура, дождик, растяжки",10508
13834,Баскетбол,10228
13835,Искусственные цветы,10191
13836,Умные гаджеты,10141
13837,Электродрели,11209
13838,Абразивные материалы,10752
13839,Шорты,10052
13840,Шланги для чиллеров,11129
13841,Зонты,10021
13842,Подушки,11464
13844,Аккумуляторы и зарядки,10646
13846,Витамины,11402
13847,Воронки,10890
13849,Пляжный спорт,10097
13850,Принадлежности для АКБ,10153
13851,Угги,10736
13852,Bluetooth-брелоки,10398
13853,Усилители для наушников,11157
13855,Напольные весы,10094
13856,Аппликации,2773
13858,Маркерные доски,10561
13859,Обогреватели,10138
13860,Рубашки,11067
13861,Эмульсии,10648
13862,Лампочки,10127
13863,Чехлы и колеса для клеток,10737
13864,Зарядные устройства для аккумуляторов,10153
13865,Защита кузова авто,10179
13867,Упоры капота и багажника,10865
13868,Йогуртницы,10032
13869,Сапоги,11088
13870,Серьги,10177
13871,Пластик для 3D принтера,11168
13872,Товары для перевозки,10053
13873,Дозаторы для напитков,11097
13876,Очаги и дровницы для костра,10031
13877,Телефонные книги,10717
13878,Средства для ухода,10748
13879,Роутеры,11350
13880,Массажеры для лица и тела,11027
13883,Средства для снятия лака,10113
13884,Правила для отделочных работ,10438
13885,Цветной дым,10749
13886,Щипцы для льда,11097
13887,Подставки для столовых приборов,10390
13888,Сумки для ноутбуков,10081
13889,Ящики,11432
13890,Сабо,10332
13891,Бигуди,11449
13892,Муссы и пенки,10317
13893,Защитные пленки и шторки,10487
13894,Кеды,10987
13895,Наборы для рисования песком,10207
13896,Чехлы,10173
13897,Сабвуферы для авто,10233
13898,Рюкзаки,10060
13899,Маски защитные,10804
13900,Указки,10561
13901,Емкости для специй и мельницы,10992
13903,Экипировка для тяжелой атлетики,10046
13904,Пижамы,11086
13905,Комплекты белья,10260
13906,Кольца,10160
13907,Абитуриентам и студентам,10778
13909,Гамаки,11464
13910,Мото-аксессуары,10135
13911,Детская мебель и аксессуары,10174
13912,Мониторы,11442
13915,1 класс,10778
13916,Кулеры для воды,10130
13917,Пружины для переплета,10541
13918,Скетчбуки,10114
13919,Аквабоксы,10765
13920,Медкарты и сертификаты,10717
13921,Боксы для проводов,10073
13922,Нагревательные элементы,10111
13924,Водонагреватели,10029
13926,Иглы,10121
13927,Гаечные ключи,11344
13928,Рукава,10172
13930,Бумага миллиметровая,11261
13931,Аквариумы и аксессуары,10051
13932,Пиджаки и жакеты,10516
13933,Пильные диски,10747
13935,Научная литература,10475
13936,Держатели для фотооборудования,11254
13937,Лечебные ошейники,10953
13938,Зеркала косметические,11328
13939,3G/4G роутеры,11350
13940,2 класс,10778
13941,Кусачки,10355
13943,Автоматика и комплектующие,10161
13944,Строительные емкости,10752
13945,Электронные замки,10915
13946,Плавки,10937
13948,"Рюкзаки, чехлы, сумки для ноутбуков",10487
13950,Термобелье,10867
13951,Матирующие салфетки,11245
13952,Пудры,10317
13953,Блокноты,10717
13954,"Коробки, корзины, контейнеры",10219
13955,Чемоданы,10022
13956,Картины и панно,10191
13957,Управление персоналом,11311
13958,Салфетки,10916
13959,Проекционные экраны,10335
13960,Наклейки и знаки,10810
13961,Ножи столовые,10622
13962,Беспроводные адаптеры,10646
13963,Наборы аксессуаров для волос,10107
13964,Хранение инструментов и инвентаря,10072
13965,Подкормки,11428
13966,Волейбол,10228
13967,Влажные корма,10839
13968,Одежда для поваров и официантов,10166
13969,Противогололедные реагенты,10036
13970,Шампуры,10031
13971,Художественная литература,10825
13973,"Шкафы, тумбы, комоды",2894
13974,Автомобильные очистители воздуха,10865
13975,Бриджи и капри,10663
13976,Запчасти для ноутбуков,10487
13977,Портфели,10081
13978,Тонеры,11168
13980,Наборы для пикника,10031
13981,Босоножки,10824
13982,Топы,11166
13983,Кроссовки,11009
13984,Угги,11434
13985,Игрушки,10147
13986,Половники,10890
13987,Барельефы и витражи,2773
13988,Регистраторы,10950
13989,Средства для ухода за бровями,11015
13990,Очищающие полоски,10751
13991,Обручи,10997
13992,Вибрационные шлифмашины,10630
13993,Ватные палочки,10916
13994,Ковши и черпаки,10184
13995,Гель-лаки,10113
13996,Мультитулы,10072
13997,Сумки,10225
13998,Цветной песок,10125
13999,Поясные сумки и рюкзаки-гидраторы для бега,10241
14000,Контроллеры интерфейсов,10641
14001,Квадроциклы,10135
14002,Бильярд и дартс,10136
14003,Ароматы для дома,10191
14004,Вентиляционные установки,10120
14005,Платья и юбки,10095
14006,Тостеры,10028
14007,Заколки,10152
14008,Шорты,10222
14009,Корректоры для текста,11388
14010,Фотобумага,11261
14011,Щипцы кухонные,10890
14012,Электросковородки,10168
14013,Мороженицы,10032
14014,Футболки,10822
14015,Гайковерты,11209
14016,Шлепанцы,11018
14017,Детские шампуни,10232
14018,Ступки с пестиком,11215
14019,Чайники,11519
14020,Инструменты и запчасти для мототехники,10135
14021,Туалеты и наполнители,10147
14022,Электронные компасы,10176
14023,Блузки,11067
14024,Аксессуары для очков,10212
14025,Коммутаторы,11350
14026,Средства для мытья посуды,11341
14027,Дутики,11434
14028,Сухие и твердые шампуни,10705
14029,Этикетки,10717
14030,Ножи кухонные,10890
14031,Аксессуары и запчасти,11026
14032,Повязки косметические,11328
14033,Комбинезоны спортивные,10418
14034,Шапки,10080
14035,Щетки и насадки,10911
14036,Точилки для ножей,10890
14037,Внешние аккумуляторы,10073
14038,Плавки,10867
14039,Воротники,10953
14040,Бортовые компьютеры,10111
14041,Измерители почвы,10664
14042,Скраб,11245
14043,Слипоны,11009
14044,Кремы и воски,11403
14046,HDMI оборудование,11350
14047,Роликовые коньки,11026
14048,Брелоки для чемоданов,10022
14049,Карандаши,10288
14050,Джемперы и пуловеры,11379
14051,Папки адресные,10541
14052,Бинты эластичные,10639
14053,Багажные системы,11423
14055,Ремонтные лежаки,10188
14056,Посуда для приготовления йогуртов,10048
14057,Очки строительные,10804
14058,Оправы,11329
14059,Транспондеры,10111
14060,Балетки,10292
14061,Шармы,10104
14062,Флюиды,10648
14063,Карты мира,14369
14064,Подстаканники,10545
14065,Зарядные устройства для аккумуляторов,10073
14066,Системы непрерывной подачи чернил,11168
14067,Коврики прикроватные,11099
14068,Полоскание и уход за полостью рта,11454
14069,Карнизы,10262
14070,Кронштейны для крепления,10168
14071,Душистая вода,10084
14072,Инструменты для постижа,11239
14073,Мыло-скраб,11468
14074,Сушилки для рук,10025
14075,Карандаши для бровей,11015
14076,Серьги,10214
14077,Wi-Fi контроллеры,11350
14078,"Веревки, шпагаты",11432
14079,Лаки,10317
14080,Блокираторы,11309
14081,Электробритвы,10094
14082,Шило,10690
14083,Вкладыши от пота,11287
14084,10 класс,10778
14085,Моноколеса и сигвеи,10290
14086,"Защита от воды, от соли и реагентов",11403
14087,Монтажные пистолеты,11512
14088,Платья,10034
14089,Туфли,10599
14090,Корсеты и корректоры осанки,10639
14092,Автомобильные ведра,10422
14093,Банданы,10080
14094,Планшеты для рисования,10114
14095,Мусорные ведра и баки,10110
14096,Кремы,10705
14097,Костюмы классические,10500
14098,Барьеры и тумбы,10870
14099,Носки и подследники,10416
14100,Козырьки солнцезащитные,10502
14101,Дыроколы,11388
14102,Репелленты,10384
14103,Бокалы и фужеры,10545
14104,Кофемолки,10056
14105,Молочко косметическое,10751
14106,Усилители сотового сигнала,11350
14107,Автохолодильники,10865
14108,Зажимы для денег,10033
14109,Аккумуляторы для рации,10073
14110,Управление для умного дома,10666
14111,Дуршлаги и сита,10890
14112,Беговые лыжи и аксессуары,10092
14113,Кремы для ног,10918
14115,Средства для чистки стекол,11341
14116,Английский язык,11469
14117,Запчасти и аксессуары,11138
14118,Аксессуары,10157
14119,Сабо,11231
14120,Осушители для автомобилей,10179
14121,Для канализации,10161
14122,Фломастеры,11477
14123,Щипцы для завивки,11291
14124,Подогреватели бутылочек и Стерилизаторы,10083
14125,Маски тканевые,10476
14126,Аксессуары,10133
14127,Камеры заднего вида,10111
14129,Спортивная гимнастика,10136
14130,9 класс,10778
14131,Сушилки для овощей и фруктов,10079
14132,Резиновые сапоги,10387
14133,Панамы,10080
14134,Электроодеяла,11300
14135,Коробки,10992
14136,Сумки и рюкзаки,10765
14137,Масло для ванны,11204
14138,Яхтинг,10133
14139,Антикоры,10196
14140,Комплекты клавиатур и мышей,10526
14141,Браслеты на ногу бижутерные,10104
14142,Электроматрасы,11300
14143,Палочки для еды,10622
14144,"Сумки и чехлы для грилей, мангалов",10031
14145,Аксессуары,10900
14146,Варочные панели,10027
14147,Аксессуары и расходные материалы,10158
14148,Навесы для штанг,10870
14149,Полки кухонные,10390
14150,Электрокоптильни,10168
14151,Беременным и кормящим,10232
14152,Дневники,14369
14153,Салфетницы,10289
14154,Аромабудильники и картриджи,10227
14155,Гладилки,10438
14156,Садовый декор,10106
14157,Скотч,11388
14158,Щетки и сметки,10559
14159,Магниты для досок,10561
14160,Платья офисные,10597
14161,Толстовки и свитшоты,10268
14162,Еженедельники и ежедневники,10717
14164,Календари,10717
14165,Яйцерезки,11215
14166,Медицинболы,11464
14167,Ремни,10193
14168,Полотна для сабельных пил,10747
14169,Подставки для карандашей и ручек,10270
14170,Очки и линзы,10257
14171,Комплекты,10339
14172,Джинсы,11025
14173,Файлы и разделители,10541
14174,Жидкие обои,14385
14176,Колпаки на диски,10230
14177,Трещоточные ключи,11344
14178,Пилки для электролобзиков,10747
14179,Фокусы,2878
14180,Канцелярские наборы,11477
14181,Рейсфедеры,10840
14182,Браслеты,10075
14183,Для с/х птиц,10123
14184,Религия,10475
14185,Экипировка,10480
14186,Топы и бюстгальтеры,10260
14187,Игрушечное оружие и бластеры,10162
14188,Итоговое тестирование и ВПР,10778
14189,Автозапчасти автомобильные,10085
14190,Цветы и натюрморты,10680
14191,Блузки,11340
14193,Аксессуары и расходные материалы,10078
14194,Капы,10046
14195,Аксессуары,10195
14196,Лотки для столовых приборов,10390
14197,Бегущая строка,10111
14198,Порошок для ПММ,11083
14199,Умные розетки,10666
14200,Подставки для компьютеров,10526
14201,Масло,10232
14202,Варежки,10108
14204,Детективы,10671
14205,Удлинители,10073
14206,СКУД,10915
14207,Свет для фотостудии,11254
14208,Увлажняющие капли,11329
14209,Для автоматического водоснабжения,10161
14210,Бандажи для беременных,10639
14211,Тарталетницы,10032
14212,Киянка,10542
14213,Магнитные инструменты,10072
14214,Цепные пилы,11256
14216,Лонгсливы,11166
14217,Таблетки,11083
14218,Недвижимость,11311
14219,Бальзамы и гели,10648
14220,Расчески и щетки,11449
14221,Мешки для мусора,10559
14222,Электроножницы,11256
14223,Пальто,10940
14224,Паяльная станция,11361
14225,Сетевые зарядные устройства,11281
14226,Кардиганы,10404
14227,Молоковарки,11390
14228,Сквош,10258
14230,Детские ножницы,10232
14231,Уход за бородой,10689
14232,Моющие пылесосы,10198
14233,Трусы,11351
14234,Оснастки и футляры для штампов,10917
14235,Коврики для мыши,10526
14237,Кроссовки,10987
14238,Жилеты,10634
14239,Средства для очистки рук,10196
14240,Духовые инструменты,10090
14241,Подставки и держатели,10398
14242,Платья повседневные,10597
14243,Защитные коврики для пола,11099
14244,Румяна и бронзеры,11292
14245,Домашняя одежда,10034
14246,Бадминтон,10258
14247,"Афоризмы, цитаты, пословицы",10475
14248,Средство от растяжек,11438
14250,Аксессуары для перевозки,10315
14251,Туши для ресниц,10968
14252,Сланцы,11508
14253,Респираторы,10804
14254,Коконы и позиционеры,11419
14255,Охлаждение напитков,11097
14256,Пенка для умывания,11245
14257,Отбеливание зубов,11454
14258,Рыбочистки и зажимы,10890
14260,Салфетки и ватные палочки,10064
14261,Банданы,10210
14262,Кнопочные телефоны,10044
14263,Лосьоны,10648
14264,Эндоскопы,10283
14265,Ёлки искусственные,10508
14266,Системы видеонаблюдения,10950
14267,Флаконы для духов,10084
14268,Диски и блины,10870
14269,Шнурки,10398
14270,Наборы для создания открыток,10204
14271,"Термальная вода, тоники и спреи",10918
14273,Сухие корма,10702
14274,Елочные игрушки и украшения,10508
14275,Запчасти,11333
14276,Солнцезащитные очки,10212
14277,Bluetooth-гарнитуры,11157
14278,Трусы,10867
14279,Джинсы,10663
14280,Огнетушители,10422
14281,Сумки,10223
14282,Поясные сумки,10060
14283,"Приправы, специи, пищевые добавки",1821
14285,Детское питание,1821
14287,Рис,2475
14288,Гречка,2475
14289,Бобовые,2475
14290,"Булгур, киноа, кускус",2475
14291,Рыбные консервы,2475
14292,Соевые продукты,2475
14293,Продукты быстрого приготовления,2475
14294,Смеси для приготовления десертов и выпечки,2475
14295,Кофе в капсулах,2478
14296,Кофе зерновой,2478
14297,Кофе молотый,2478
14298,Кофе растворимый,2478
14299,Чай черный,2478
14300,Чай зеленый,2478
14301,Чай травяной,2478
14302,Чай красный,2478
14303,Чага,2478
14304,"Какао, горячий шоколад",2478
14305,Другое,2478
14309,"Конфеты, карамель, леденцы",2483
14310,"Зефир, пастила, мармелад",2483
14311,"Пряники, вафли",2483
14312,Восточные сладости,2483
14313,"Фрукты, шоколадные яйца, фигурный шоколад",2483
14314,"Конфеты в коробках, подарочные наборы",2483
14315,Кондитерские изделия к праздникам,2483
14316,"Торты, рулеты, кексы",2483
14317,Импортные сладости,2483
14318,"Варенье, протертые ягоды",328
14319,Консервированные фрукты,328
14320,Десертные соусы и топпинги,328
14321,Молочные консервы,328
14322,Сушеные фрукты и овощи,2481
14323,Семечки,2481
14324,Фруктовые чипсы,2481
14325,Специи,14283
14326,Пищевые добавки,14283
14327,Другое,14283
14328,Пюре,14285
14329,Батончики,14285
14330,Печенье ,14285
14331,Напитки,14285
14332,Другое,14285
14333,Вода,2480
14334,"Квас, холодный чай, комбуча",2480
14335,"Соки, нектары, смузи",2480
14336,Кофейные напитки,2480
14337,"Морсы, кисели, компоты",2480
14338,Газированные напитки,2480
14339,Безалкогольное пиво,2480
14340,Импортные напитки,2480
14341,Другое,2480
14342,"Печенье, крекер",2476
14343,"Сухарики, сухари, баранки, сушки",2476
14344,Хлебцы,2476
14345,"Копченые, вяленые, сушеные морепродукты и мясные закуски",2476
14346,"Чипсы, попкорн",2476
14347,Импортные снеки,2476
14348,Другое,2476
14350,Суперфуды,1913
14351,Водоросли морские,1913
14352,Клетчатка,1913
14353,Молоко растительное,1913
14354,Спирулина,1913
14355,Супы быстрого приготовления,1913
14356,Ягоды сушеные,1913
14357,Кэроб,1913
14363,Другое,2475
14364,Лоферы,10523
14365,Школьная форма для девочек,10221
14366,Школьная форма для мальчиков,10222
14367,Органайзеры для путешествий,10022
14368,Коллекционирование,2773
14369,Товары для школы и обучения,10010
14370,Глобусы,14369
14374,Счетчики и детекторы банкнот,10343
14376,Тесты на беременность и овуляцию,2708
14377,Тесты на определение наркотических веществ и алкоголя,2708
14378,Экспресс-тесты на коронавирус,2708
14379,Полки,2894
14380,Одежда для художественной гимнастики и танцев,12528
14381,Обувь для художественной гимнастики и танцев,12528
14382,Инвентарь для художественной гимнастики и танцев,12528
14383,Чехлы и рюкзаки,12528
14384,Аксессуары для танцев,12528
14385,Обои,10078
14386,Обои,14385
14387,Настольные и карточные игры,10008
14388,Домино,14387
14389,Лото,14387
14390,Настольные игры,14387
14391,"Шахматы, шашки, нарды",14387
14393,Тесты на инфекцию,2708
14394,"Витамины, БАДы, пищевые добавки",10009
14395,БАДы,14394
14396,Витаминно-минеральные комплексы,14394
14397,Специализированное питание,14394
14398,Кресла,2894
14399,Экспресс-тесты,2708
14432,Духи сухие,10084
14433,Духи масляные,10084
14434,Миниатюры и пробники,10084
14467,Слуховые аппараты и усилители звука ,2657
14500,Защита кабеля,10073
14501,Подарочные сертификаты,10118
14502,Чехлы,12899
14503,Стекла,12899
14504,Автомобильные зарядные устройства,10111
14537,Светильники USB,10127
14538,Запчасти для планшетов и электронных книг,10487
14539,Радиаторы и кулеры,13073
14540,Термопасты и термопрокладки,13073
14542,Онлайн кассы,11266
14543,Сканеры штрих-кода,11266
14544,Запчасти,13924
14545,Водонагреватели,13924
14546,Домашние платья и туники,11116
14547,Мужские,2749
14548,Женские,2749
14549,Детские,2749
14550,Аксессуары для наушников,11157
14551,Демисезонные куртки,13806
14552,Зимние куртки,13806
14553,Летние куртки,13806
14554,Мясорубки,11691
14555,Насадки и запчасти,11691
14556,Швейные машины,10062
14557,Матрасы,2894
14558,Ледянки и тюбинги,10092
14559,Аксессуары для сушки белья,12823
